-- phpMyAdmin SQL Dump
-- version 4.7.7
-- https://www.phpmyadmin.net/
--
-- Host: localhost
-- Generation Time: Mar 03, 2018 at 01:26 PM
-- Server version: 10.1.29-MariaDB
-- PHP Version: 7.1.13

SET SQL_MODE = "NO_AUTO_VALUE_ON_ZERO";
SET AUTOCOMMIT = 0;
START TRANSACTION;
SET time_zone = "+00:00";


/*!40101 SET @OLD_CHARACTER_SET_CLIENT=@@CHARACTER_SET_CLIENT */;
/*!40101 SET @OLD_CHARACTER_SET_RESULTS=@@CHARACTER_SET_RESULTS */;
/*!40101 SET @OLD_COLLATION_CONNECTION=@@COLLATION_CONNECTION */;
/*!40101 SET NAMES utf8mb4 */;

--
-- Database: `ecommerceapi`
--

-- --------------------------------------------------------

--
-- Table structure for table `migrations`
--

CREATE TABLE `migrations` (
  `id` int(10) UNSIGNED NOT NULL,
  `migration` varchar(191) COLLATE utf8mb4_unicode_ci NOT NULL,
  `batch` int(11) NOT NULL
) ENGINE=InnoDB DEFAULT CHARSET=utf8mb4 COLLATE=utf8mb4_unicode_ci;

--
-- Dumping data for table `migrations`
--

INSERT INTO `migrations` (`id`, `migration`, `batch`) VALUES
(1, '2014_10_12_000000_create_users_table', 1),
(2, '2014_10_12_100000_create_password_resets_table', 1),
(3, '2018_03_03_115657_create_products_table', 2),
(4, '2018_03_03_115737_create_reviews_table', 2);

-- --------------------------------------------------------

--
-- Table structure for table `password_resets`
--

CREATE TABLE `password_resets` (
  `email` varchar(191) COLLATE utf8mb4_unicode_ci NOT NULL,
  `token` varchar(191) COLLATE utf8mb4_unicode_ci NOT NULL,
  `created_at` timestamp NULL DEFAULT NULL
) ENGINE=InnoDB DEFAULT CHARSET=utf8mb4 COLLATE=utf8mb4_unicode_ci;

-- --------------------------------------------------------

--
-- Table structure for table `products`
--

CREATE TABLE `products` (
  `id` int(10) UNSIGNED NOT NULL,
  `name` varchar(191) COLLATE utf8mb4_unicode_ci NOT NULL,
  `detail` text COLLATE utf8mb4_unicode_ci NOT NULL,
  `price` int(11) NOT NULL,
  `stock` int(11) NOT NULL,
  `discount` int(11) NOT NULL,
  `created_at` timestamp NULL DEFAULT NULL,
  `updated_at` timestamp NULL DEFAULT NULL
) ENGINE=InnoDB DEFAULT CHARSET=utf8mb4 COLLATE=utf8mb4_unicode_ci;

--
-- Dumping data for table `products`
--

INSERT INTO `products` (`id`, `name`, `detail`, `price`, `stock`, `discount`, `created_at`, `updated_at`) VALUES
(1, 'nulla', 'Ut quos voluptatibus qui placeat omnis dicta fuga. Facilis mollitia unde libero tempore quisquam culpa. Doloribus odit odit occaecati qui asperiores repellendus architecto. Ut dolorem earum consequuntur vel.', 697, 5, 18, '2018-03-03 06:17:47', '2018-03-03 06:17:47'),
(2, 'vel', 'Quia aspernatur rem et voluptatem qui amet quos. Qui iste temporibus ipsum. Nam sed fugit quo qui ut ea consequatur. Molestiae autem voluptatibus voluptatum velit consequatur libero corporis fuga.', 394, 3, 14, '2018-03-03 06:17:47', '2018-03-03 06:17:47'),
(3, 'quis', 'Mollitia est rerum qui nisi a hic. Voluptatem numquam consequatur dicta vel. Reiciendis voluptatum sunt aut. Vitae sint similique necessitatibus dolorum qui.', 881, 1, 29, '2018-03-03 06:17:48', '2018-03-03 06:17:48'),
(4, 'velit', 'Iste magni quia ad. Unde ut ab voluptas magnam. Recusandae maxime quia ex explicabo exercitationem.', 392, 4, 6, '2018-03-03 06:17:48', '2018-03-03 06:17:48'),
(5, 'aut', 'Maiores qui deleniti eum minus. Et aperiam magni aut dolores. Ut voluptas magnam perspiciatis quaerat. Ut voluptatem incidunt odio reiciendis.', 348, 4, 4, '2018-03-03 06:17:48', '2018-03-03 06:17:48'),
(6, 'omnis', 'Quae exercitationem deserunt assumenda hic incidunt. Facere et assumenda incidunt dolore id repellat et. Ipsam deleniti tempora saepe molestias nostrum quo.', 972, 0, 18, '2018-03-03 06:17:48', '2018-03-03 06:17:48'),
(7, 'aut', 'Quaerat numquam aut laboriosam provident quia. Nam voluptas est ea pariatur voluptate. Ea occaecati quia nemo ex quo doloribus aut.', 922, 8, 6, '2018-03-03 06:17:48', '2018-03-03 06:17:48'),
(8, 'corporis', 'Quia quibusdam voluptates eos eos quia omnis qui. Occaecati provident unde laudantium et nostrum blanditiis. Aspernatur quia aut nobis in.', 141, 5, 19, '2018-03-03 06:17:48', '2018-03-03 06:17:48'),
(9, 'et', 'Fugiat odit quos odit dicta quis. Expedita qui perferendis deleniti distinctio laborum et quae et. Laudantium velit provident voluptas unde sit ullam nemo. Incidunt id cum exercitationem itaque sit dolorem exercitationem.', 825, 3, 8, '2018-03-03 06:17:48', '2018-03-03 06:17:48'),
(10, 'ex', 'Sit deleniti sint soluta sit aliquam. Sed expedita est esse magni reiciendis quibusdam. Ex voluptas odit quo cupiditate inventore.', 958, 9, 19, '2018-03-03 06:17:48', '2018-03-03 06:17:48'),
(11, 'enim', 'Sit quibusdam corporis consequatur voluptas ab quia ab. Error aspernatur qui cum dolores natus saepe sed. Cumque voluptas dolorem dolores dolorem. Accusantium soluta quos quaerat eaque odit.', 762, 4, 5, '2018-03-03 06:17:48', '2018-03-03 06:17:48'),
(12, 'vitae', 'Excepturi impedit quia ut earum. Quaerat repellat odio et deserunt aut atque tenetur. Nihil accusantium quos enim.', 705, 1, 14, '2018-03-03 06:17:48', '2018-03-03 06:17:48'),
(13, 'assumenda', 'Unde veritatis dolorem consequuntur. Assumenda facilis deleniti cupiditate quia. Voluptas odit sint eveniet rerum.', 851, 7, 10, '2018-03-03 06:17:48', '2018-03-03 06:17:48'),
(14, 'eligendi', 'Aut in molestiae molestias non. Et perferendis ut enim amet.', 568, 3, 2, '2018-03-03 06:17:48', '2018-03-03 06:17:48'),
(15, 'quae', 'Et cumque numquam soluta aut nisi dolor sunt sed. Amet ipsum autem eius maxime et ullam. Quaerat distinctio eos facilis distinctio deleniti ut excepturi libero. Recusandae vel repellat corporis nostrum dolor inventore.', 727, 2, 15, '2018-03-03 06:17:48', '2018-03-03 06:17:48'),
(16, 'quod', 'Sunt voluptatem modi a possimus. Deleniti ab omnis ut voluptatem architecto. Eligendi voluptas mollitia error rerum.', 909, 4, 7, '2018-03-03 06:17:48', '2018-03-03 06:17:48'),
(17, 'repudiandae', 'Consequatur repudiandae non autem aliquid. Esse dolor nihil nobis. Necessitatibus consequatur in facere in natus doloribus nemo.', 654, 8, 30, '2018-03-03 06:17:48', '2018-03-03 06:17:48'),
(18, 'consequatur', 'Aut dolorem modi sint explicabo accusantium laboriosam. Dolore quis fugit quia eum. Vero reprehenderit nobis qui quam et inventore. Alias sint delectus sunt illum.', 137, 4, 23, '2018-03-03 06:17:48', '2018-03-03 06:17:48'),
(19, 'aliquam', 'Quae consequatur incidunt sed labore repudiandae id. Similique veniam fugiat quia unde.', 451, 3, 17, '2018-03-03 06:17:48', '2018-03-03 06:17:48'),
(20, 'est', 'Atque consectetur tempora magnam error. Omnis voluptatem alias quia. Omnis occaecati rerum dolore provident incidunt rerum consequatur. Est veniam totam fugit vero explicabo.', 724, 9, 12, '2018-03-03 06:17:48', '2018-03-03 06:17:48'),
(21, 'rerum', 'Ea maiores sit blanditiis ipsa exercitationem. Minus ea voluptatem dolorem. Fuga omnis corrupti consequatur incidunt et quos quod. Doloremque quam rerum eligendi fugiat labore aperiam qui. Perspiciatis exercitationem animi culpa quaerat quia quas.', 957, 3, 22, '2018-03-03 06:17:49', '2018-03-03 06:17:49'),
(22, 'tenetur', 'Quo nam odit non quo quis aut laboriosam fugit. Quia velit omnis doloribus et. Sit tempora aut voluptatem eaque doloribus praesentium. Quod quasi et recusandae enim perspiciatis. Quaerat harum sit est enim quae iusto.', 742, 3, 30, '2018-03-03 06:17:49', '2018-03-03 06:17:49'),
(23, 'perspiciatis', 'Id sit quae maxime possimus nulla hic. Minus eos velit quo provident eaque unde eum. Nam molestiae voluptas autem accusamus nam deserunt amet optio. Et laboriosam eos blanditiis nihil quasi aliquam accusamus.', 434, 0, 5, '2018-03-03 06:17:49', '2018-03-03 06:17:49'),
(24, 'est', 'Maiores et autem similique molestias et libero. Omnis numquam adipisci aut cumque aliquid eligendi. Laborum officiis nihil cumque in animi sed.', 555, 5, 22, '2018-03-03 06:17:49', '2018-03-03 06:17:49'),
(25, 'rerum', 'Iusto adipisci accusamus similique quidem vero. Ut et quia sunt et quae voluptatem reiciendis atque. Quae omnis dolor fuga mollitia incidunt odio voluptatem.', 187, 9, 15, '2018-03-03 06:17:49', '2018-03-03 06:17:49'),
(26, 'soluta', 'Quia autem eveniet delectus alias. Iste consequatur dolor deleniti sequi.', 153, 7, 16, '2018-03-03 06:17:49', '2018-03-03 06:17:49'),
(27, 'iste', 'Neque nisi sunt et. Atque omnis sunt nisi distinctio. Quisquam sit a reiciendis odio consectetur et commodi. Voluptas eaque non ea minus et voluptates provident sint.', 459, 7, 6, '2018-03-03 06:17:49', '2018-03-03 06:17:49'),
(28, 'excepturi', 'Quibusdam consequatur asperiores aut velit nam qui. Voluptatem blanditiis in rerum nesciunt et praesentium quidem ea. Quibusdam eos reprehenderit et reprehenderit voluptate expedita cum. Et at qui voluptatem molestias aut voluptatem. Consequatur reiciendis alias error.', 204, 3, 13, '2018-03-03 06:17:49', '2018-03-03 06:17:49'),
(29, 'quia', 'Sed nam cupiditate laboriosam laborum ratione sed iusto est. Quo quia optio facilis. Architecto praesentium voluptatibus vel.', 656, 2, 27, '2018-03-03 06:17:49', '2018-03-03 06:17:49'),
(30, 'non', 'Eius accusantium enim asperiores nostrum nihil debitis. Reprehenderit repudiandae ut aliquam ratione exercitationem atque. Omnis adipisci sunt sit fuga id dolores odio.', 878, 1, 27, '2018-03-03 06:17:49', '2018-03-03 06:17:49'),
(31, 'voluptas', 'Ea laborum ducimus quaerat explicabo velit. Quas quo odio et ut aut ratione minus harum.', 786, 8, 6, '2018-03-03 06:17:49', '2018-03-03 06:17:49'),
(32, 'aut', 'Blanditiis ipsa ullam autem perspiciatis laudantium repellendus animi. Exercitationem debitis sint itaque sunt impedit facilis. Eos nisi et labore laboriosam. A placeat et minus voluptate et ea pariatur neque.', 951, 1, 4, '2018-03-03 06:17:49', '2018-03-03 06:17:49'),
(33, 'laboriosam', 'In ex hic quidem officia ducimus. Id temporibus autem ullam tempore exercitationem totam eveniet tenetur. Illo officiis ea consequatur explicabo laboriosam esse non. Reprehenderit neque cum modi et.', 359, 0, 20, '2018-03-03 06:17:49', '2018-03-03 06:17:49'),
(34, 'voluptates', 'Facilis quod magnam accusamus animi voluptatum qui. Aut praesentium tenetur quae consequuntur non. Corrupti vitae est quasi sint. Ea voluptatem eveniet veritatis est dolores.', 836, 1, 27, '2018-03-03 06:17:49', '2018-03-03 06:17:49'),
(35, 'maiores', 'Harum iusto ut possimus repudiandae voluptate officiis unde. Porro velit corrupti doloremque cum ea laborum et fugit. Voluptatem ea non ut fuga voluptas. Repellat repellendus dolores totam.', 839, 0, 20, '2018-03-03 06:17:49', '2018-03-03 06:17:49'),
(36, 'et', 'Veritatis rerum et nisi fugit. Repudiandae dolor culpa doloribus possimus quam. Velit eum laboriosam tempore alias officia autem. In consectetur blanditiis recusandae tenetur et non.', 196, 1, 15, '2018-03-03 06:17:49', '2018-03-03 06:17:49'),
(37, 'odio', 'Maiores qui in enim velit. Similique accusantium ex similique vero et. Et ut modi beatae et voluptatibus aut explicabo. Iure et vel in explicabo tempore ullam.', 401, 3, 22, '2018-03-03 06:17:49', '2018-03-03 06:17:49'),
(38, 'omnis', 'Quis qui aut animi dicta velit maiores dolorem. Atque ut mollitia quo. Soluta doloribus ullam atque. Neque et omnis non temporibus nemo debitis iure numquam.', 952, 5, 30, '2018-03-03 06:17:49', '2018-03-03 06:17:49'),
(39, 'vitae', 'Consequatur et atque accusantium neque dicta. Iusto quo debitis saepe quae dolores autem reiciendis.', 877, 4, 16, '2018-03-03 06:17:49', '2018-03-03 06:17:49'),
(40, 'dicta', 'Voluptatibus autem doloribus accusamus eveniet et. Saepe deserunt illum voluptatem voluptas excepturi asperiores. Ut optio numquam et dolor.', 893, 7, 13, '2018-03-03 06:17:50', '2018-03-03 06:17:50'),
(41, 'molestias', 'Sit officiis dolorem non porro ullam natus ullam deserunt. Ipsa adipisci sed quod eos vero dignissimos dolore. Dolore hic rerum aut similique.', 613, 6, 4, '2018-03-03 06:17:50', '2018-03-03 06:17:50'),
(42, 'sequi', 'Nisi a omnis aspernatur dolorum fugit porro. Qui consequatur tempora modi maxime accusantium quibusdam. Accusantium laboriosam voluptatem minus amet et sed.', 250, 4, 19, '2018-03-03 06:17:50', '2018-03-03 06:17:50'),
(43, 'voluptatibus', 'Maxime nihil ut fugit debitis vel. Repellendus occaecati placeat autem in iure. Ut provident sit reiciendis natus et vel minima. Eveniet sapiente quia maxime id qui quas.', 109, 5, 9, '2018-03-03 06:17:50', '2018-03-03 06:17:50'),
(44, 'quidem', 'Sint quisquam ut sint animi animi est aut. Vero nobis quis accusamus dolorum accusamus mollitia voluptatum. Id perferendis consequuntur explicabo voluptatem. Quisquam consequuntur dolor esse et rerum explicabo asperiores. Ad quia temporibus voluptatibus enim qui nobis.', 454, 8, 25, '2018-03-03 06:17:50', '2018-03-03 06:17:50'),
(45, 'voluptas', 'Similique ducimus qui cupiditate beatae. Molestias amet officia placeat. Suscipit laborum ut delectus dolor eum qui voluptas. Aut illum consequuntur est reiciendis et nam.', 859, 3, 29, '2018-03-03 06:17:50', '2018-03-03 06:17:50'),
(46, 'tempore', 'Aliquam quo eveniet quo iure. Eaque eos molestiae quasi et omnis illo adipisci maiores. Distinctio eos fugiat velit consequatur.', 193, 4, 3, '2018-03-03 06:17:50', '2018-03-03 06:17:50'),
(47, 'nobis', 'Occaecati qui dolorum expedita doloribus fugit mollitia. Excepturi repellat dignissimos qui expedita maiores. Soluta aut sequi deserunt atque aliquid. Temporibus nobis in nesciunt nobis ut.', 261, 1, 23, '2018-03-03 06:17:50', '2018-03-03 06:17:50'),
(48, 'fugiat', 'Facere possimus hic inventore qui temporibus dicta sint. Ad ipsa accusamus est. Velit similique provident nisi animi ipsam. Occaecati aut voluptatibus quo et modi sit dicta. Consequatur explicabo ad dolor accusantium veritatis tempore maxime eum.', 538, 5, 17, '2018-03-03 06:17:50', '2018-03-03 06:17:50'),
(49, 'iure', 'Nam ut aliquid est voluptatem. Molestiae sed esse consectetur commodi omnis quibusdam. Vel et non itaque molestias maiores iusto ipsa. Repellendus tenetur velit aut eos et.', 123, 3, 10, '2018-03-03 06:17:50', '2018-03-03 06:17:50'),
(50, 'dolorum', 'Amet error optio porro eum esse. Dolores accusamus ex qui cupiditate. Distinctio fuga repudiandae inventore ipsa unde reprehenderit atque.', 909, 4, 16, '2018-03-03 06:17:50', '2018-03-03 06:17:50');

-- --------------------------------------------------------

--
-- Table structure for table `reviews`
--

CREATE TABLE `reviews` (
  `id` int(10) UNSIGNED NOT NULL,
  `product_id` int(10) UNSIGNED NOT NULL,
  `customer` varchar(191) COLLATE utf8mb4_unicode_ci NOT NULL,
  `review` text COLLATE utf8mb4_unicode_ci NOT NULL,
  `star` int(11) NOT NULL,
  `created_at` timestamp NULL DEFAULT NULL,
  `updated_at` timestamp NULL DEFAULT NULL
) ENGINE=InnoDB DEFAULT CHARSET=utf8mb4 COLLATE=utf8mb4_unicode_ci;

--
-- Dumping data for table `reviews`
--

INSERT INTO `reviews` (`id`, `product_id`, `customer`, `review`, `star`, `created_at`, `updated_at`) VALUES
(1, 49, 'Nellie Gutkowski Jr.', 'Illo omnis nesciunt tempora occaecati harum eius. Numquam quas sit unde et. Quia nam rerum molestiae enim. Officia eaque voluptatem et autem fugiat fuga.', 3, '2018-03-03 06:17:50', '2018-03-03 06:17:50'),
(2, 13, 'Deron Stehr IV', 'Quidem quo cum ducimus sunt sunt aut repellendus. Totam eius voluptate animi quae exercitationem. Voluptatibus iusto aspernatur qui repellat provident.', 3, '2018-03-03 06:17:50', '2018-03-03 06:17:50'),
(3, 26, 'Duane Koss V', 'Sunt animi molestiae atque officia. Libero expedita necessitatibus aut provident neque quis eaque. Est voluptas perferendis maiores voluptates.', 2, '2018-03-03 06:17:50', '2018-03-03 06:17:50'),
(4, 29, 'Miss Nora Roberts III', 'Atque dolores minima eum. Eligendi magnam ut aperiam recusandae. Voluptatem dolor eum aliquam deleniti voluptatem magni harum.', 2, '2018-03-03 06:17:50', '2018-03-03 06:17:50'),
(5, 9, 'Moshe Schiller', 'Eveniet non facere ab recusandae aut maxime debitis ipsum. Aut voluptate incidunt aperiam quis impedit. Neque perferendis quo voluptas odit quidem possimus. Aut et eius velit sed molestiae praesentium qui architecto. Omnis voluptatem ipsa tempora et.', 4, '2018-03-03 06:17:50', '2018-03-03 06:17:50'),
(6, 16, 'Dr. Kari Bode', 'Doloremque qui accusantium dolor aperiam consequatur omnis quia hic. Commodi neque quod non dolorem aut. Ut illo et dolor tenetur. Dolor enim voluptatem sequi accusantium.', 4, '2018-03-03 06:17:51', '2018-03-03 06:17:51'),
(7, 1, 'Shannon Farrell', 'Vel veniam soluta quo consequatur consequuntur repudiandae. Id eum voluptates non ut eaque quos.', 5, '2018-03-03 06:17:51', '2018-03-03 06:17:51'),
(8, 27, 'Dr. Oran Collier', 'Corrupti eligendi laborum ducimus provident et. Fugit natus omnis dolorem sunt. Est ea commodi ut nihil amet doloribus. Quasi iusto repudiandae quo. Nobis cum tenetur non quis tempore laboriosam.', 2, '2018-03-03 06:17:51', '2018-03-03 06:17:51'),
(9, 21, 'Kaylie Considine', 'Voluptatem libero eaque nemo ut iure ratione. Quos quaerat et consequuntur sapiente quae rem. Laudantium illo magni incidunt repudiandae aspernatur. Vel blanditiis voluptatem debitis qui id voluptatum.', 5, '2018-03-03 06:17:51', '2018-03-03 06:17:51'),
(10, 43, 'Tyrel Deckow', 'Veritatis similique sit eius ullam neque suscipit. Et dolores est vel mollitia. Id veniam et distinctio quia aperiam.', 2, '2018-03-03 06:17:51', '2018-03-03 06:17:51'),
(11, 16, 'Jedidiah Berge', 'Ullam recusandae ullam eum consequatur expedita et rerum. Exercitationem occaecati distinctio iusto saepe. Illum quia sint vel ut qui quo. Hic sit eligendi maxime voluptatem dicta magni.', 1, '2018-03-03 06:17:51', '2018-03-03 06:17:51'),
(12, 36, 'Dr. Eriberto Walter', 'Eligendi ut sed adipisci alias unde. Vel nemo itaque placeat occaecati tempore provident et. Unde occaecati alias inventore et dicta non pariatur est.', 4, '2018-03-03 06:17:51', '2018-03-03 06:17:51'),
(13, 43, 'Hobart Connelly', 'Blanditiis vel ad voluptatem vero sed minus omnis voluptatum. Repellendus harum nesciunt temporibus. Molestias ullam officiis nam animi et nesciunt.', 2, '2018-03-03 06:17:51', '2018-03-03 06:17:51'),
(14, 20, 'Felix Stamm', 'Repellendus accusantium animi laudantium sit et odit voluptate. Sapiente et veritatis consequuntur dolores. Ab iste ab sit sequi. Repellat totam exercitationem nam dolorem.', 4, '2018-03-03 06:17:51', '2018-03-03 06:17:51'),
(15, 50, 'Ms. Loren Schumm II', 'Eius aut harum quas. Atque aut quo delectus quo id facere. Reprehenderit quod hic exercitationem quia aut. Quae voluptates in nihil ut deserunt quis rerum. Nobis a doloremque ullam consequatur.', 2, '2018-03-03 06:17:51', '2018-03-03 06:17:51'),
(16, 7, 'Suzanne Schmeler', 'Eligendi autem voluptatem consequuntur cumque voluptatem praesentium. Facilis eum dolores accusamus. Modi voluptas voluptatem vitae voluptatem. Minus dolore autem necessitatibus alias.', 1, '2018-03-03 06:17:51', '2018-03-03 06:17:51'),
(17, 2, 'Eudora Wilkinson', 'Natus vero similique placeat qui temporibus unde officiis. Est dolor facilis aut. Repellendus et fugiat magni et est doloribus numquam.', 2, '2018-03-03 06:17:51', '2018-03-03 06:17:51'),
(18, 35, 'Miss Emmy Strosin III', 'Ipsam ad rerum minima tenetur nihil. Eveniet excepturi ut ex est nisi. In in sit necessitatibus id qui quia. Perferendis quis cum aliquam laudantium cupiditate et possimus porro.', 0, '2018-03-03 06:17:51', '2018-03-03 06:17:51'),
(19, 39, 'Prof. Paris Padberg IV', 'Aut consequatur voluptatibus eum officia id in. Facilis quia voluptas atque ea consequatur nihil dignissimos explicabo.', 0, '2018-03-03 06:17:51', '2018-03-03 06:17:51'),
(20, 24, 'Maynard Schamberger', 'Aspernatur voluptas facere eum dolore sunt repudiandae et. Dolores occaecati sunt non ipsam inventore. Numquam possimus quam voluptatem est asperiores. Dolor quam id animi aperiam ut accusantium.', 2, '2018-03-03 06:17:51', '2018-03-03 06:17:51'),
(21, 50, 'Elaina Jones', 'Laborum quia reprehenderit eum iste voluptates. Beatae ut magni sunt ipsa. Quis ea aut deleniti est numquam rerum. Quia aut iste harum quisquam. Porro iure officiis voluptas.', 0, '2018-03-03 06:17:51', '2018-03-03 06:17:51'),
(22, 5, 'Hoyt Waters', 'Placeat itaque quisquam eos dolorum alias nihil ut. Dolorem recusandae labore repellendus laborum dolorem sed. Suscipit ea dolores eius. Nam eligendi neque quisquam rerum ipsam. Quisquam nihil provident eaque aliquid id.', 4, '2018-03-03 06:17:51', '2018-03-03 06:17:51'),
(23, 31, 'Alexandrine Hahn', 'Iure consequatur et cum qui ad aut. Sed reprehenderit ad maiores voluptas reprehenderit velit molestiae. Saepe voluptates illum iste. Eum iusto placeat ullam sed totam quam officia.', 0, '2018-03-03 06:17:51', '2018-03-03 06:17:51'),
(24, 9, 'Mr. Kayden Adams PhD', 'Est cumque quasi ut magnam dolorum libero. Aliquid quibusdam eveniet et dolores aut ut.', 2, '2018-03-03 06:17:51', '2018-03-03 06:17:51'),
(25, 16, 'Evans Balistreri', 'Quia fuga qui veritatis. Sed beatae dolores aspernatur qui quaerat voluptas eos. Eos eum ipsa sed dolor et.', 5, '2018-03-03 06:17:51', '2018-03-03 06:17:51'),
(26, 3, 'Broderick Schmitt', 'Dolore sit velit iusto aut enim. Est tenetur est rerum ut consequatur.', 1, '2018-03-03 06:17:51', '2018-03-03 06:17:51'),
(27, 37, 'Deron Mraz', 'Est autem aut sed corporis veniam sit ipsum. Quidem nostrum minima et laudantium laboriosam aperiam debitis. Quod praesentium porro est qui in autem modi.', 3, '2018-03-03 06:17:51', '2018-03-03 06:17:51'),
(28, 2, 'Jackson Hilpert', 'Dolor dolores consequatur magni et consequatur praesentium tempore. Iste eos sequi molestiae atque in sequi.', 3, '2018-03-03 06:17:51', '2018-03-03 06:17:51'),
(29, 3, 'Josianne McGlynn IV', 'Tenetur eum sed debitis rerum. Cum odio distinctio eius aperiam quibusdam neque. Quasi aut eos at dolorum et ipsam. Fugit officiis et est mollitia voluptas.', 5, '2018-03-03 06:17:52', '2018-03-03 06:17:52'),
(30, 43, 'Haleigh Heidenreich', 'Sit ut illo aut voluptate dolorem. Eos est ut cum consequatur. Dignissimos nostrum optio qui ea et facere dolor asperiores. Sed natus quia eos voluptate aut et aut. Ut modi animi tempore reiciendis rerum vel tenetur.', 1, '2018-03-03 06:17:52', '2018-03-03 06:17:52'),
(31, 7, 'Prof. Wilbert Grant', 'Provident et consequatur non deleniti hic consequuntur quae. Eos consequuntur laboriosam ut quia ipsa eos assumenda. Sint id ut ipsa quis maxime. Perspiciatis aut iste placeat et doloremque.', 1, '2018-03-03 06:17:52', '2018-03-03 06:17:52'),
(32, 5, 'Chadd Moen', 'Asperiores commodi animi et aliquam nisi tempore at. Error reprehenderit ipsam ut velit consequatur deserunt. Voluptatem autem harum ipsum deserunt. Qui sunt beatae natus temporibus ipsa.', 2, '2018-03-03 06:17:52', '2018-03-03 06:17:52'),
(33, 33, 'Javonte Cruickshank', 'Natus sit cumque vitae libero distinctio. Quis est magni accusantium corporis. Vero provident voluptas esse porro.', 3, '2018-03-03 06:17:52', '2018-03-03 06:17:52'),
(34, 22, 'Ms. Dasia McCullough', 'Totam similique eum consequuntur eius iste iste deleniti. Praesentium beatae libero perferendis et repudiandae dicta laudantium et. Itaque tempore rerum autem enim cupiditate. Quis voluptatibus molestiae aut amet esse.', 5, '2018-03-03 06:17:52', '2018-03-03 06:17:52'),
(35, 6, 'Carmen Renner', 'Voluptatibus sint sint qui facere sit beatae. Pariatur nesciunt sunt porro qui vero. Incidunt architecto ullam eveniet quas amet quia sint.', 1, '2018-03-03 06:17:52', '2018-03-03 06:17:52'),
(36, 9, 'Prof. Tess Cormier Sr.', 'Veniam ducimus id et quo qui laboriosam. Quo facere ducimus fugiat expedita voluptates architecto repellat. Excepturi et nam modi quia autem sunt.', 3, '2018-03-03 06:17:52', '2018-03-03 06:17:52'),
(37, 48, 'Kennedy Mayert', 'Et alias fugiat mollitia fuga. Repellat et ut qui perspiciatis. Quaerat commodi culpa et consequuntur ab qui. Aut sed harum aspernatur ipsa.', 0, '2018-03-03 06:17:52', '2018-03-03 06:17:52'),
(38, 2, 'Quentin Langworth', 'Ipsam quod repellat recusandae sed consequatur quis. Cupiditate perspiciatis ad molestias modi aperiam. Consequatur dolores modi nostrum blanditiis minus ut.', 1, '2018-03-03 06:17:52', '2018-03-03 06:17:52'),
(39, 20, 'Kane Oberbrunner', 'Distinctio et architecto adipisci amet. Sit aut quia sequi alias consectetur vel error. Dolorem qui nobis consectetur tenetur. Eligendi voluptatem nisi expedita dolores maiores quaerat.', 2, '2018-03-03 06:17:52', '2018-03-03 06:17:52'),
(40, 35, 'Abe Morar', 'Itaque architecto praesentium molestiae recusandae impedit. Non et ut aperiam dicta autem perspiciatis dolorem. Aut molestias alias sint nostrum et accusantium.', 5, '2018-03-03 06:17:52', '2018-03-03 06:17:52'),
(41, 17, 'Graciela Jacobi', 'Vel id sed inventore atque perspiciatis sequi et aliquid. In iure numquam in et sed. Labore nesciunt dolorem doloremque mollitia fugit voluptatibus omnis.', 2, '2018-03-03 06:17:52', '2018-03-03 06:17:52'),
(42, 46, 'Oliver Robel', 'Sed temporibus eius suscipit. Dolorum id ut odit et quae commodi eum. Ut molestias voluptatem voluptatem porro.', 1, '2018-03-03 06:17:52', '2018-03-03 06:17:52'),
(43, 3, 'Roxanne Spencer', 'Aperiam et vitae aperiam enim et quia. Aut sint autem dolorem provident omnis aut. Iste quibusdam incidunt et nisi sit. Delectus asperiores vel optio. Ea explicabo quisquam laborum saepe.', 3, '2018-03-03 06:17:52', '2018-03-03 06:17:52'),
(44, 9, 'Jillian Adams', 'Sed optio et iure quas. Est nulla commodi beatae qui. Sed quia voluptatem fugit ducimus odit. Ipsa suscipit quidem sunt dolores autem.', 4, '2018-03-03 06:17:52', '2018-03-03 06:17:52'),
(45, 15, 'Leann Sipes', 'Repellendus suscipit aut consectetur ducimus iste. Nihil enim nostrum aperiam sit iure fugiat. Illum inventore atque error debitis. Atque ut et soluta dolores exercitationem optio.', 3, '2018-03-03 06:17:52', '2018-03-03 06:17:52'),
(46, 16, 'Alia McGlynn', 'Optio quis perspiciatis nihil quidem officia quia. Repellat cum et quas possimus. Sapiente sunt voluptatum aut nihil corrupti. Exercitationem omnis maiores non eum aut non.', 5, '2018-03-03 06:17:52', '2018-03-03 06:17:52'),
(47, 20, 'Bo Kozey', 'Sit officiis qui vel. Distinctio maxime ipsam est laudantium officiis est.', 4, '2018-03-03 06:17:52', '2018-03-03 06:17:52'),
(48, 16, 'Giuseppe Thompson', 'Incidunt occaecati consequatur dolore incidunt voluptatem ea iusto. Officiis corrupti possimus veritatis id voluptatem ducimus. Ipsum id nesciunt et vero eos iusto voluptatem.', 0, '2018-03-03 06:17:53', '2018-03-03 06:17:53'),
(49, 24, 'Dr. Aaron West', 'Qui consequatur illum ducimus at cum rerum voluptas. Quo magni atque ratione labore omnis similique. Dignissimos et maiores dolor voluptatem optio.', 0, '2018-03-03 06:17:53', '2018-03-03 06:17:53'),
(50, 35, 'Ana Kohler Jr.', 'Aut est saepe ut vitae ipsa fuga. Quae autem corrupti sed. Dignissimos repellat laborum necessitatibus maiores ut consequatur quos explicabo. Accusamus aut nobis assumenda illo eius aut.', 0, '2018-03-03 06:17:53', '2018-03-03 06:17:53'),
(51, 11, 'Dr. Myriam Turcotte MD', 'Quae numquam et harum reiciendis molestiae debitis esse. Consequuntur labore at dolor velit. Placeat harum atque laboriosam itaque ut officiis quo. Voluptate a unde vel praesentium harum culpa.', 1, '2018-03-03 06:17:53', '2018-03-03 06:17:53'),
(52, 33, 'Mr. Jarrod Mayert II', 'Rem omnis culpa dicta laudantium aliquid et. Consequatur vitae ut blanditiis nesciunt distinctio voluptatem. Non iste facilis ut atque dolores omnis nesciunt.', 4, '2018-03-03 06:17:53', '2018-03-03 06:17:53'),
(53, 18, 'Dave Zieme', 'Ut sunt quia minima consequatur voluptas. Ipsa cumque ut recusandae distinctio. Quia voluptatibus et exercitationem consectetur quo est velit.', 2, '2018-03-03 06:17:53', '2018-03-03 06:17:53'),
(54, 37, 'Liana Von I', 'Eveniet cum minima quasi recusandae aut et voluptas. Quia maxime facilis cum eos ab.', 5, '2018-03-03 06:17:53', '2018-03-03 06:17:53'),
(55, 10, 'Mrs. Drew Nikolaus', 'Saepe distinctio architecto exercitationem consequatur qui. Reiciendis delectus animi aut ut voluptatem non.', 5, '2018-03-03 06:17:53', '2018-03-03 06:17:53'),
(56, 21, 'Miss Martina Block PhD', 'Dolorum debitis quas qui doloremque iusto officiis ex. Esse veniam ut non quia quae consequuntur eveniet non. Sequi saepe enim esse minima at qui error. Sed voluptas vitae qui id.', 4, '2018-03-03 06:17:53', '2018-03-03 06:17:53'),
(57, 19, 'Prof. Jarrell Satterfield', 'Ipsa odio veniam eos eius eaque alias. Nihil dolorem quas dolorem consequatur. Dignissimos corporis animi fugiat nulla aut ratione. Eius dicta omnis assumenda at accusamus possimus.', 4, '2018-03-03 06:17:53', '2018-03-03 06:17:53'),
(58, 9, 'Mrs. Breana Skiles II', 'Aliquam veniam neque voluptatem optio ut iste. Temporibus et dolore odio non accusamus doloribus. Quos voluptatem ut doloribus consequatur fugiat optio. Aperiam quaerat exercitationem eum at. Sequi ipsa saepe quae similique ea inventore et quae.', 2, '2018-03-03 06:17:53', '2018-03-03 06:17:53'),
(59, 37, 'Kristina Okuneva', 'Temporibus animi architecto aliquam inventore non accusamus. Eveniet culpa quo ut repellat. Rem omnis doloribus debitis ab et in accusamus.', 4, '2018-03-03 06:17:53', '2018-03-03 06:17:53'),
(60, 28, 'Julian Friesen V', 'Excepturi est exercitationem facere et non nostrum voluptatem. Omnis omnis delectus repellendus minima magnam eaque in. Commodi ipsa reprehenderit nisi qui et. Aut id repudiandae sint sunt.', 2, '2018-03-03 06:17:53', '2018-03-03 06:17:53'),
(61, 36, 'Aletha Green Jr.', 'In sequi aliquid minima facere vitae. Consequuntur perspiciatis qui fugiat fugiat et delectus laboriosam. Aut ut officiis minima quasi. Ipsa quae nihil dolores aspernatur et tempora.', 1, '2018-03-03 06:17:53', '2018-03-03 06:17:53'),
(62, 18, 'Elta Cronin', 'Sed magnam ab omnis pariatur aliquid et aut. Suscipit rerum aspernatur quas impedit corporis. Et quis atque quae consequatur saepe.', 5, '2018-03-03 06:17:53', '2018-03-03 06:17:53'),
(63, 8, 'Valentine Goodwin IV', 'Est sit error quasi vel ut. Accusamus suscipit voluptas quia quia debitis. Debitis iure aperiam natus tempora.', 1, '2018-03-03 06:17:53', '2018-03-03 06:17:53'),
(64, 27, 'Keira Thompson', 'Ad molestiae deleniti et omnis necessitatibus. Maiores tempore aut id distinctio reiciendis vel. Blanditiis aut ab fugit at sed.', 3, '2018-03-03 06:17:53', '2018-03-03 06:17:53'),
(65, 49, 'Dr. Monica Hammes', 'Debitis animi id tenetur praesentium incidunt. Blanditiis qui et pariatur accusantium ipsa qui et. Animi qui impedit sed impedit veniam sint quae necessitatibus. Totam ut quibusdam ipsam.', 0, '2018-03-03 06:17:53', '2018-03-03 06:17:53'),
(66, 38, 'Dr. Nathanial Abbott', 'Aut iste non sed nemo et totam cum. Dolores ut quisquam aspernatur et et blanditiis. Reprehenderit enim eveniet perspiciatis. Animi amet non voluptatibus et aut quia quidem. Commodi enim voluptatem sit consectetur dolores ut consequatur.', 0, '2018-03-03 06:17:54', '2018-03-03 06:17:54'),
(67, 26, 'Marc Hegmann', 'Voluptas ducimus corrupti qui voluptas ea. Ullam vitae et non magnam. Unde molestias nesciunt et exercitationem.', 3, '2018-03-03 06:17:54', '2018-03-03 06:17:54'),
(68, 24, 'Crystal Hansen MD', 'Illo porro minima beatae. Nostrum harum error nobis velit numquam illum. Quaerat quam rerum voluptatem autem ad vel.', 1, '2018-03-03 06:17:54', '2018-03-03 06:17:54'),
(69, 27, 'Ariel Padberg', 'Itaque corporis nam minus enim. Nulla magnam fuga ipsam expedita illum neque dolorem. Fuga perspiciatis qui omnis debitis quis.', 1, '2018-03-03 06:17:54', '2018-03-03 06:17:54'),
(70, 4, 'Pat Kohler', 'Autem voluptatum accusamus molestiae beatae ut et cum. Soluta consectetur est qui ut voluptatum ut esse. Dolorem exercitationem fugit autem nihil eligendi.', 4, '2018-03-03 06:17:54', '2018-03-03 06:17:54'),
(71, 35, 'Jane Bergnaum', 'Autem ipsum et nisi. Facilis atque autem voluptas numquam possimus non. Maiores nostrum temporibus quam odit assumenda et possimus. Nam quae consequatur temporibus aut nihil.', 3, '2018-03-03 06:17:54', '2018-03-03 06:17:54'),
(72, 32, 'Lillian Metz', 'Consequuntur sit quo rem. Labore porro vel debitis eum enim ut. Quibusdam sint sequi iste repellendus tempora consectetur. Rerum perferendis qui blanditiis eaque eveniet.', 3, '2018-03-03 06:17:54', '2018-03-03 06:17:54'),
(73, 50, 'Ms. Norene Gutkowski', 'Alias labore id quis at nesciunt rem qui. Sint incidunt ipsa totam nisi eligendi fugiat incidunt. Et consequuntur omnis assumenda.', 4, '2018-03-03 06:17:54', '2018-03-03 06:17:54'),
(74, 2, 'Mona Schumm', 'Velit ipsum tenetur illo dolores. Voluptatem repellendus qui maiores et sunt. Id ducimus eos suscipit temporibus perferendis.', 3, '2018-03-03 06:17:54', '2018-03-03 06:17:54'),
(75, 2, 'Miss Anne Kilback MD', 'Dolorum consequatur similique eum nihil amet nihil. Porro autem neque aut molestias dolor est odit.', 4, '2018-03-03 06:17:54', '2018-03-03 06:17:54'),
(76, 23, 'Elsie Miller', 'In hic aperiam quam ut occaecati aut labore. Laboriosam inventore iste iusto enim assumenda. Rerum in est dignissimos explicabo. Maiores nam sint qui architecto aliquam voluptatem corporis eum.', 5, '2018-03-03 06:17:54', '2018-03-03 06:17:54'),
(77, 12, 'Eden Dicki', 'Doloribus et deserunt in occaecati qui aliquam. Dignissimos blanditiis in soluta assumenda nobis dolorem. Quidem sit quia enim omnis doloremque cumque.', 0, '2018-03-03 06:17:54', '2018-03-03 06:17:54'),
(78, 35, 'Percival Windler', 'Nulla repudiandae quasi consequatur. Perferendis dolorem quos omnis inventore. Quam sunt soluta a quos sapiente.', 5, '2018-03-03 06:17:54', '2018-03-03 06:17:54'),
(79, 31, 'Dr. Jedidiah Pfeffer I', 'Non provident magnam commodi. Quia eveniet quibusdam deleniti. Rem similique recusandae cupiditate. Delectus possimus voluptatem veniam quis aliquid corporis id.', 3, '2018-03-03 06:17:54', '2018-03-03 06:17:54'),
(80, 27, 'Dr. Cordell Cronin', 'Odit inventore sed magnam. Corrupti error autem et enim iusto. Ut impedit molestias quaerat excepturi eius magni et. Accusamus asperiores voluptatem deleniti distinctio nam corrupti. Id et officiis dolores fugiat vel ut ipsa vitae.', 5, '2018-03-03 06:17:54', '2018-03-03 06:17:54'),
(81, 26, 'King Schowalter Jr.', 'Rerum fuga dolores modi laudantium sed est sapiente. Id eum dolores non ut. Optio accusantium labore enim dolor ad porro.', 3, '2018-03-03 06:17:54', '2018-03-03 06:17:54'),
(82, 12, 'Luigi Lind', 'Voluptatem quod eaque molestiae alias in. Voluptatem quis sequi vel corporis ut ut voluptatibus. Neque nesciunt illum tempore autem. Non qui minus dolorum quia aliquid hic.', 3, '2018-03-03 06:17:54', '2018-03-03 06:17:54'),
(83, 44, 'Earline Greenfelder I', 'Qui est dolor et fugiat laudantium minus. Vel eum porro saepe veniam est et saepe commodi. Ea commodi magni et culpa saepe ut repellat.', 2, '2018-03-03 06:17:54', '2018-03-03 06:17:54'),
(84, 11, 'Zita Padberg', 'Tempora occaecati eum aut distinctio cum. Et ratione optio dolorem ab molestias aut rem. Aut assumenda et sunt ex iure.', 3, '2018-03-03 06:17:54', '2018-03-03 06:17:54'),
(85, 43, 'Giovanna O\'Hara', 'Est qui iure quae rerum esse dolor reiciendis. Culpa ea modi modi ullam possimus corrupti dolores. Repudiandae eius quaerat odio dolorum.', 0, '2018-03-03 06:17:55', '2018-03-03 06:17:55'),
(86, 49, 'Jamey Pollich', 'Reiciendis quia et vero et molestias hic. Et illo in sed dicta. Aut architecto dolores atque nesciunt non eaque.', 4, '2018-03-03 06:17:55', '2018-03-03 06:17:55'),
(87, 13, 'Gust Turner', 'Velit eaque similique eaque consectetur nulla id inventore. Voluptatem eos officia nobis dolorem. Fugiat magnam necessitatibus earum eius distinctio aut nemo. Aut omnis fugit eveniet maiores.', 3, '2018-03-03 06:17:55', '2018-03-03 06:17:55'),
(88, 24, 'Buford Ankunding', 'Qui rem qui ad enim harum quam quia. Asperiores minus cupiditate dolorem est unde distinctio. Omnis corporis velit ab modi velit ex et.', 0, '2018-03-03 06:17:55', '2018-03-03 06:17:55'),
(89, 29, 'Sydni Ortiz', 'Ex necessitatibus ea adipisci et. Modi ipsum consequatur illo sed aliquam. Animi eveniet soluta soluta sunt ipsam dolor accusamus voluptatem. Est sunt deserunt nihil in quia mollitia.', 3, '2018-03-03 06:17:55', '2018-03-03 06:17:55'),
(90, 22, 'June Maggio', 'Ad est deserunt tenetur ea aut earum saepe. Assumenda modi voluptatem placeat ab in. Sapiente non accusamus sint adipisci eum ipsam ea. Temporibus minus commodi maxime voluptatum.', 1, '2018-03-03 06:17:55', '2018-03-03 06:17:55'),
(91, 20, 'Alexa Graham', 'Modi officiis est aspernatur quae ducimus ullam. Expedita est asperiores quia ipsam culpa culpa non. Ullam delectus non quo deserunt impedit blanditiis consectetur. A iusto qui harum et et voluptatem natus. Aut id quis maxime laboriosam dolores quia vero.', 2, '2018-03-03 06:17:55', '2018-03-03 06:17:55'),
(92, 38, 'Mrs. Gabrielle O\'Kon IV', 'Dolores saepe deserunt maiores omnis nobis. Laboriosam reiciendis est voluptas voluptas facilis. Et sunt et quia tempore rerum nesciunt. Consectetur et voluptas et facere.', 5, '2018-03-03 06:17:55', '2018-03-03 06:17:55'),
(93, 42, 'Birdie Mann', 'Et atque sit voluptatem nihil. Quasi repellat quia hic veniam soluta ducimus. Reprehenderit fugit hic quia ratione vero.', 2, '2018-03-03 06:17:55', '2018-03-03 06:17:55'),
(94, 1, 'Donald Bayer PhD', 'Consequuntur dolore aut quis aliquam. Architecto ut quos quasi vel eaque eos sequi sint. Similique voluptatum exercitationem ex quaerat cumque ut nihil.', 2, '2018-03-03 06:17:55', '2018-03-03 06:17:55'),
(95, 16, 'Mrs. Audra Gorczany', 'Excepturi ipsum tenetur ut voluptatem et harum iure. Optio pariatur deleniti omnis nobis rerum autem odit corrupti. Aspernatur officiis maxime iusto doloremque similique ut.', 0, '2018-03-03 06:17:55', '2018-03-03 06:17:55'),
(96, 15, 'Salma Brekke', 'Et iste quibusdam assumenda molestias. Similique illo optio sed et modi tenetur. Cumque qui ab ab totam et. Doloribus error eaque sit qui ut illo delectus.', 3, '2018-03-03 06:17:55', '2018-03-03 06:17:55'),
(97, 42, 'Aurelio O\'Keefe', 'Laboriosam voluptas adipisci magnam adipisci non iure placeat. Ut aliquid et dolorem perferendis dolor. Nostrum eveniet ut ut aut quibusdam neque.', 0, '2018-03-03 06:17:55', '2018-03-03 06:17:55'),
(98, 20, 'Adam Mayer', 'Itaque sit soluta repellendus voluptas nostrum. Quae et autem et ea dicta voluptates odio voluptas. Sed dolores ut non ut magnam. Mollitia sed fugiat neque non ut officiis ut. At suscipit quae consequuntur cupiditate vitae earum.', 0, '2018-03-03 06:17:55', '2018-03-03 06:17:55'),
(99, 35, 'Prof. Casimer Gulgowski I', 'Quisquam esse dignissimos neque eum. Necessitatibus voluptatem non voluptas facilis atque saepe. Minima doloremque enim consequatur dolor.', 4, '2018-03-03 06:17:55', '2018-03-03 06:17:55'),
(100, 14, 'D\'angelo Jacobi DDS', 'Et commodi sit est tempora soluta. Alias quo sit voluptatum placeat sit magni vero voluptatem. Id commodi atque consequuntur natus debitis explicabo sint labore.', 0, '2018-03-03 06:17:55', '2018-03-03 06:17:55'),
(101, 31, 'Tessie Wilkinson', 'Ut velit suscipit blanditiis necessitatibus exercitationem tempora alias commodi. Eveniet eos dolor illum esse. Et et rem eligendi sapiente ipsa facilis atque. Quam voluptas nihil repellendus quam.', 3, '2018-03-03 06:17:55', '2018-03-03 06:17:55'),
(102, 32, 'Miss Daniela Christiansen', 'Maxime vero porro tempore sequi. Quo cum rerum et ab omnis vero. Expedita voluptatibus nam iure consequatur quidem debitis et. Suscipit beatae nihil deserunt optio deleniti provident non.', 3, '2018-03-03 06:17:55', '2018-03-03 06:17:55'),
(103, 3, 'Alan Powlowski DDS', 'Architecto porro officia voluptatem eius minus consequatur deserunt explicabo. Ea qui sit earum optio at iure quod. Mollitia magnam rerum et est voluptatem excepturi.', 5, '2018-03-03 06:17:56', '2018-03-03 06:17:56'),
(104, 10, 'Julianne Koelpin', 'Odio cum recusandae rem quia corrupti quia cum. Rerum neque est repellat. Necessitatibus voluptates illum ut temporibus qui. Iusto voluptatem libero impedit quas. Ducimus labore ipsum reiciendis.', 2, '2018-03-03 06:17:56', '2018-03-03 06:17:56'),
(105, 7, 'Mikayla Dare', 'Rerum officia aut accusantium nihil sed ratione. Voluptatem iste qui voluptas impedit voluptatem facere. Dolores sed reprehenderit dolor nam vel autem voluptate. Repudiandae deleniti quia modi temporibus consectetur ipsum nemo fugiat.', 0, '2018-03-03 06:17:56', '2018-03-03 06:17:56'),
(106, 38, 'Casandra Hickle', 'Assumenda in odit fuga enim magni ullam quibusdam quo. Aperiam error ut cum ducimus perferendis. Dolorem doloribus rerum doloribus velit dignissimos expedita iure.', 5, '2018-03-03 06:17:56', '2018-03-03 06:17:56'),
(107, 46, 'Demetrius Deckow', 'Voluptatem ea est numquam odio ut. Et magni aut veniam occaecati. Illo repudiandae qui atque ea. Provident labore ipsum esse aliquam nihil. Iusto commodi vitae provident ut magni et.', 4, '2018-03-03 06:17:56', '2018-03-03 06:17:56'),
(108, 23, 'Ethelyn Aufderhar', 'Et nobis ab ad autem quia. Hic voluptates illum numquam laborum aut voluptatem ad. Officia aut reiciendis incidunt dicta. Aperiam atque architecto reprehenderit tempora iusto molestiae.', 3, '2018-03-03 06:17:56', '2018-03-03 06:17:56'),
(109, 47, 'Amina Medhurst', 'Dolores cum perspiciatis natus illo distinctio eos. Et explicabo harum modi quia et. Praesentium minus asperiores est ut.', 0, '2018-03-03 06:17:56', '2018-03-03 06:17:56'),
(110, 1, 'Theodora Goyette V', 'Sapiente doloremque exercitationem quos itaque est aliquid est. Omnis doloremque repellat omnis qui dolor occaecati natus. Quis numquam quo sit voluptatem quas. Nemo porro iste qui illum animi minima est. Nisi vitae quas alias voluptas qui incidunt consectetur.', 5, '2018-03-03 06:17:56', '2018-03-03 06:17:56'),
(111, 34, 'Maxine Raynor', 'Et accusamus magni non deleniti dolores voluptas non laborum. Porro vel et illum nemo earum ea unde. Eaque quasi ducimus earum eum odio eum vel. Sunt inventore atque cumque minus fugiat voluptatem. Reiciendis debitis assumenda aut quod quisquam et.', 1, '2018-03-03 06:17:56', '2018-03-03 06:17:56'),
(112, 25, 'Mrs. Felicia Lehner II', 'Nihil eos et ratione est nulla necessitatibus repellat dolores. Ab voluptas temporibus sit repellendus quas eos illum. Facere ut distinctio voluptatem explicabo.', 3, '2018-03-03 06:17:56', '2018-03-03 06:17:56'),
(113, 25, 'D\'angelo Reichel', 'Eveniet atque veritatis asperiores qui quo harum. Odio ab et quidem ipsa et. Ad delectus molestias omnis illum at vel perferendis.', 0, '2018-03-03 06:17:56', '2018-03-03 06:17:56'),
(114, 32, 'Alaina Jerde', 'Sunt dolor velit aut officiis. Nemo delectus dolorem dolores libero non. A et ut sapiente nam.', 3, '2018-03-03 06:17:56', '2018-03-03 06:17:56'),
(115, 11, 'Prof. Daron Erdman', 'Laborum quod voluptas quas aut quia quia. Voluptates repellat tenetur ipsam ab aut et qui. Porro omnis quis voluptas pariatur aut et. Dolorum hic quia alias pariatur tempora quod id.', 2, '2018-03-03 06:17:56', '2018-03-03 06:17:56'),
(116, 5, 'Viviane Lockman V', 'Debitis commodi quo voluptates aspernatur fuga qui commodi. Ut libero tempora ipsum veniam et delectus similique. Autem debitis eius id et qui iusto illum.', 0, '2018-03-03 06:17:56', '2018-03-03 06:17:56'),
(117, 12, 'Ms. Eryn Rippin I', 'Quisquam eum aut asperiores fuga sed beatae voluptate nam. Autem sint voluptas qui aut. Cupiditate distinctio cupiditate labore in quia et. Velit maxime mollitia laboriosam aliquam a id atque.', 1, '2018-03-03 06:17:56', '2018-03-03 06:17:56'),
(118, 37, 'Minerva Kessler', 'Doloribus ex in cum eos rerum. Reiciendis est ut necessitatibus qui sunt nihil aperiam cumque. Odio qui et quam nihil quis ut quaerat.', 0, '2018-03-03 06:17:57', '2018-03-03 06:17:57'),
(119, 13, 'Lina Dicki', 'Possimus dolores culpa nisi soluta aut. Eaque rem repudiandae cumque dolores. Amet aut quas dolorem non.', 1, '2018-03-03 06:17:57', '2018-03-03 06:17:57'),
(120, 46, 'Jarrett Connelly', 'Accusantium non et reprehenderit sed. Veritatis et cumque eius unde eligendi ab tempora et. Aut voluptas quia vel repellat porro.', 4, '2018-03-03 06:17:57', '2018-03-03 06:17:57'),
(121, 34, 'Cortez Lehner', 'Est et labore aut voluptatum omnis. Dolorem occaecati qui quidem quaerat. Necessitatibus aut qui explicabo voluptatem.', 2, '2018-03-03 06:17:57', '2018-03-03 06:17:57'),
(122, 43, 'Justice Bechtelar', 'Rem non ut nobis. Sapiente aut nesciunt debitis quis ipsum eos assumenda. Architecto aspernatur quae explicabo. Quod occaecati architecto hic sunt id.', 1, '2018-03-03 06:17:57', '2018-03-03 06:17:57'),
(123, 14, 'Novella Dickinson', 'Ullam vitae quos ut modi voluptas laborum accusamus fuga. Sed et est itaque sed maxime vel. Aperiam et debitis fugiat natus ut assumenda. Magni non et quia accusantium voluptates quibusdam.', 3, '2018-03-03 06:17:57', '2018-03-03 06:17:57'),
(124, 7, 'Loraine Jerde', 'At nihil impedit dolor quos. Consequatur officia rerum aut reiciendis fugiat ut. Illo perferendis nemo sequi recusandae. At quo voluptatum quae possimus. Voluptatem nam nihil a consequuntur sit et sed qui.', 1, '2018-03-03 06:17:57', '2018-03-03 06:17:57'),
(125, 44, 'Tyrell Kulas V', 'Ipsam sint dolorem ducimus qui qui libero dolorem. Quod eos facere eum odit recusandae praesentium. Adipisci quis culpa aliquid eos reiciendis dolorum repudiandae.', 1, '2018-03-03 06:17:57', '2018-03-03 06:17:57'),
(126, 41, 'Jeanette Nitzsche', 'Est dolorum mollitia rerum aut similique. In laudantium ut quos iure.', 1, '2018-03-03 06:17:57', '2018-03-03 06:17:57'),
(127, 13, 'Hugh Veum II', 'Exercitationem quo nesciunt inventore esse adipisci. Voluptate omnis quisquam dignissimos fuga sunt reprehenderit. Facilis aspernatur velit delectus officia eius et quibusdam. Et deserunt rerum dolor ut.', 2, '2018-03-03 06:17:57', '2018-03-03 06:17:57'),
(128, 18, 'Caesar Hirthe', 'Autem saepe maxime et labore sit aut voluptatibus. Et ex consequatur fugit expedita. Cupiditate impedit ducimus culpa repellendus maxime cum id. Impedit est sit fugit rerum ipsum et.', 3, '2018-03-03 06:17:57', '2018-03-03 06:17:57'),
(129, 37, 'Eino Schmeler', 'Et ullam non cumque et perspiciatis sunt. Ducimus saepe doloremque beatae vel sapiente corporis iste.', 2, '2018-03-03 06:17:57', '2018-03-03 06:17:57'),
(130, 5, 'Maryjane Swift', 'Ex veniam aut nemo quidem ipsa voluptatem. Doloribus dolore quam pariatur ad.', 2, '2018-03-03 06:17:57', '2018-03-03 06:17:57'),
(131, 9, 'Mrs. Otilia McCullough', 'Laboriosam itaque non animi quia et numquam id distinctio. Officiis nisi esse ipsam reprehenderit dignissimos voluptate rerum. Autem quasi quibusdam sed excepturi facilis sit.', 0, '2018-03-03 06:17:57', '2018-03-03 06:17:57'),
(132, 37, 'Maud Jakubowski', 'A veritatis et quae natus qui dolore. Et tempore amet maiores maxime facilis explicabo. Natus aut et aut quis inventore dolore. Illo beatae molestias dicta quaerat impedit debitis.', 4, '2018-03-03 06:17:57', '2018-03-03 06:17:57'),
(133, 48, 'Alanis Schuster', 'Eaque consequatur asperiores voluptatem voluptatem laborum modi. In aut enim asperiores commodi voluptatibus qui. Eaque qui quo natus velit quo sunt ea. Consequatur expedita excepturi aut sit culpa at consequatur.', 5, '2018-03-03 06:17:58', '2018-03-03 06:17:58'),
(134, 3, 'Mr. Flavio Pacocha Jr.', 'Quasi quia ipsa inventore perferendis quia similique. Natus quas voluptatem provident. Ut illo repellendus ipsum est. Non delectus est qui optio qui.', 5, '2018-03-03 06:17:58', '2018-03-03 06:17:58'),
(135, 37, 'Cordia Gottlieb', 'Qui dolorum labore aut ut omnis est ab. Et officiis veniam doloribus sit autem id soluta voluptatibus. Odio in quam omnis dignissimos qui aut est. Dolores voluptatum non magni ut sint ut consequatur qui.', 2, '2018-03-03 06:17:58', '2018-03-03 06:17:58'),
(136, 27, 'Dorothy Willms', 'Nam aliquam nostrum exercitationem qui iure. Architecto aliquam placeat voluptatem provident possimus. Nemo optio mollitia impedit in blanditiis.', 1, '2018-03-03 06:17:58', '2018-03-03 06:17:58'),
(137, 9, 'Talia Schuster Sr.', 'Illum quisquam voluptas distinctio laborum sunt perspiciatis hic sit. Blanditiis dolores rem provident et. Ipsum vero delectus velit vel voluptatem est.', 2, '2018-03-03 06:17:58', '2018-03-03 06:17:58'),
(138, 4, 'Ms. Kyla Cruickshank DDS', 'Sapiente assumenda fugiat rerum placeat. Pariatur magni voluptatum qui.', 3, '2018-03-03 06:17:58', '2018-03-03 06:17:58'),
(139, 26, 'Claudie Spinka', 'Esse aut magni expedita eaque excepturi sequi illo deleniti. Atque corporis voluptates incidunt quos porro autem doloremque. Dolorum animi magni velit quia aut amet. Aut accusamus dolorem eos vitae sint commodi quia.', 3, '2018-03-03 06:17:58', '2018-03-03 06:17:58'),
(140, 49, 'Mrs. Lurline Bashirian DDS', 'Quae sit ipsam vel beatae natus sit error. Commodi quo eum voluptas qui et. Quia quibusdam eligendi quibusdam quo quasi iusto.', 2, '2018-03-03 06:17:58', '2018-03-03 06:17:58'),
(141, 48, 'Prof. Edward Windler', 'Veritatis atque quo a rerum. Rem necessitatibus vel omnis sed.', 2, '2018-03-03 06:17:58', '2018-03-03 06:17:58'),
(142, 22, 'Dr. Dulce Strosin', 'Iusto reprehenderit doloribus maxime mollitia mollitia. Et neque nesciunt voluptas omnis repellat ex. Ut quisquam sapiente eum nemo.', 3, '2018-03-03 06:17:58', '2018-03-03 06:17:58'),
(143, 1, 'Derick Kemmer', 'Enim repudiandae odio dolores. Eligendi est et maiores soluta. Exercitationem et dolor a officiis qui ut. Aut consequatur et praesentium itaque laborum rerum repudiandae.', 5, '2018-03-03 06:17:58', '2018-03-03 06:17:58'),
(144, 36, 'Dr. Juvenal Lowe', 'Et in sed suscipit rem. Veritatis totam sunt dolorem qui omnis perferendis nisi. Cupiditate quia doloribus et maiores.', 0, '2018-03-03 06:17:58', '2018-03-03 06:17:58'),
(145, 41, 'Katheryn Vandervort Sr.', 'Inventore perspiciatis officiis cumque assumenda et iure. Et dolor excepturi sit dolorem tempore. Eaque quae hic blanditiis fugiat. Et assumenda neque et dolor voluptatem. Assumenda a fugit voluptate non voluptate eaque enim.', 0, '2018-03-03 06:17:58', '2018-03-03 06:17:58'),
(146, 34, 'Ms. Kaylah Hauck', 'Perspiciatis id et excepturi nihil aut. Corporis accusamus magni quis. Corporis nisi ex error quibusdam rerum.', 2, '2018-03-03 06:17:58', '2018-03-03 06:17:58'),
(147, 17, 'Prof. Aliya Runolfsdottir', 'Quaerat beatae labore eveniet et impedit sit consequatur necessitatibus. Eos dolor totam quis corporis. Recusandae porro aut ipsam vero et.', 1, '2018-03-03 06:17:58', '2018-03-03 06:17:58'),
(148, 13, 'Dr. Antonetta Littel', 'A vero ea reprehenderit maiores et adipisci. Iste est dignissimos eum aut et dolores. Veritatis sunt sit et velit facilis.', 1, '2018-03-03 06:17:58', '2018-03-03 06:17:58'),
(149, 31, 'Angel Ebert', 'Reiciendis nostrum ut reprehenderit unde eligendi ullam. Aut consectetur laudantium expedita. Velit voluptatibus animi eveniet earum.', 1, '2018-03-03 06:17:58', '2018-03-03 06:17:58'),
(150, 36, 'Florence Streich', 'Iusto architecto qui voluptatem. Nobis quia maxime veritatis repudiandae sunt illo commodi. Et accusantium consequatur placeat aperiam. Sit asperiores natus deleniti.', 3, '2018-03-03 06:17:59', '2018-03-03 06:17:59'),
(151, 35, 'Marjory Stiedemann Sr.', 'Odio et aspernatur asperiores molestias sit ut aut. Qui voluptas dolores quidem dolore illum. Sed omnis molestias aliquid sunt. Repellendus est quo dignissimos quae officia quis.', 4, '2018-03-03 06:17:59', '2018-03-03 06:17:59'),
(152, 29, 'Edwin Zulauf', 'Vel consequuntur omnis commodi eius occaecati ex error. Qui dolore quisquam eos earum ut. Vel eveniet vel voluptas reiciendis maxime.', 2, '2018-03-03 06:17:59', '2018-03-03 06:17:59'),
(153, 2, 'Prof. Clemmie Hayes DDS', 'Illum tenetur et fugit sequi vel error eveniet. Nulla sunt voluptate nisi recusandae. Voluptate ut quo voluptas dignissimos odit qui voluptate. Magnam eum eos voluptas blanditiis saepe odit ut.', 2, '2018-03-03 06:17:59', '2018-03-03 06:17:59'),
(154, 45, 'Margaretta Blanda', 'Voluptatem architecto repellendus expedita modi corporis delectus eaque. Voluptatum repellat sequi qui voluptatibus ut et autem. Illum facere ut qui aut consequatur. Et assumenda ea vero excepturi deleniti ab. Non quae odit pariatur reiciendis est.', 1, '2018-03-03 06:17:59', '2018-03-03 06:17:59'),
(155, 42, 'Jack Kirlin', 'Sed sequi modi est excepturi consequatur consequatur. Saepe nulla ipsam consequuntur repellendus. Consequatur quia eveniet repellendus officia velit amet.', 2, '2018-03-03 06:17:59', '2018-03-03 06:17:59'),
(156, 49, 'Prof. Garland Rodriguez', 'Nobis unde maiores consequatur commodi et illum. Aliquid atque itaque voluptas odio. Consequatur qui quos consequatur aperiam necessitatibus.', 2, '2018-03-03 06:17:59', '2018-03-03 06:17:59'),
(157, 23, 'Dameon Stracke', 'Occaecati qui dolorem molestias eveniet nobis. Sed repellat provident unde voluptate. Dolores necessitatibus aspernatur assumenda quod et inventore.', 2, '2018-03-03 06:17:59', '2018-03-03 06:17:59'),
(158, 37, 'Mr. Quincy Eichmann', 'Nesciunt sapiente sed eos rerum. Earum non quo sunt fuga. Optio et animi et corporis nam nostrum fuga. Omnis non eum quam magni.', 2, '2018-03-03 06:17:59', '2018-03-03 06:17:59'),
(159, 49, 'Michele Graham DVM', 'Rerum accusamus nisi occaecati non facilis. Soluta eaque deserunt dolorem praesentium maiores itaque aut. Quibusdam consequuntur facilis quia error. Saepe maiores tempore provident reprehenderit maxime et.', 0, '2018-03-03 06:17:59', '2018-03-03 06:17:59'),
(160, 14, 'D\'angelo Feeney', 'Id voluptatem debitis enim ipsum alias vel molestiae. Magni fugit a fugit minima eos deleniti. Natus aperiam voluptates repellat tenetur repellat inventore nesciunt. Blanditiis qui aspernatur dolores quis illo ipsum.', 0, '2018-03-03 06:17:59', '2018-03-03 06:17:59'),
(161, 32, 'Solon Bashirian', 'Odit occaecati dicta nesciunt tempore sunt id mollitia. Praesentium ut dolorem praesentium fugiat sint quia. Aut esse omnis illo officia explicabo.', 3, '2018-03-03 06:17:59', '2018-03-03 06:17:59'),
(162, 32, 'Duane Schneider', 'Et esse voluptas mollitia optio deleniti iure. Eligendi mollitia commodi sequi enim nisi maxime quis inventore.', 4, '2018-03-03 06:17:59', '2018-03-03 06:17:59'),
(163, 10, 'Clare Sanford', 'Rerum ab eveniet ipsa. Ab quaerat ea velit qui nihil ullam nemo quia. Possimus repudiandae velit dignissimos delectus suscipit.', 3, '2018-03-03 06:17:59', '2018-03-03 06:17:59'),
(164, 33, 'Mr. Connor Collier IV', 'Dolores eos et voluptatem sit tempore in nemo. Et aut assumenda nesciunt odio velit sed recusandae. Magni molestiae explicabo aut sed.', 1, '2018-03-03 06:17:59', '2018-03-03 06:17:59'),
(165, 1, 'Prof. Emelie Schuppe', 'Ipsam nulla est temporibus modi impedit laudantium totam. Enim ullam quis eos quae voluptatem sit laudantium. Dolores eum est voluptates est impedit. Dolor itaque voluptatem sed culpa autem magni magnam.', 5, '2018-03-03 06:17:59', '2018-03-03 06:17:59'),
(166, 1, 'Molly Wuckert', 'A blanditiis rerum illum nesciunt vero consequatur nesciunt. Dolore unde aut est autem iste et velit. Et quas molestias excepturi vel eaque et. Provident enim nihil dolor.', 4, '2018-03-03 06:17:59', '2018-03-03 06:17:59'),
(167, 17, 'Anthony Gulgowski', 'Facilis neque praesentium quis non commodi debitis aut accusamus. Et omnis ex ut velit sequi. Temporibus nulla nemo accusantium aut quibusdam. Maiores nostrum sit praesentium eos. Velit laudantium quia cupiditate ullam temporibus rerum.', 3, '2018-03-03 06:17:59', '2018-03-03 06:17:59'),
(168, 33, 'Jared Parisian', 'Dolorum ut minima voluptatibus officiis itaque. Omnis consequatur et eum minus aut nam. Aut ut illum ratione aut.', 4, '2018-03-03 06:18:00', '2018-03-03 06:18:00'),
(169, 49, 'Ottilie Pollich', 'Qui architecto fugiat unde pariatur non rerum. Nihil natus esse maxime voluptatem et. Suscipit occaecati consectetur dolorem quam nemo dolorem. Hic consequuntur velit cupiditate temporibus quos.', 3, '2018-03-03 06:18:00', '2018-03-03 06:18:00'),
(170, 35, 'Miss Kaitlin Sawayn IV', 'Odit eum ab quibusdam quas cum architecto. Et deleniti nostrum commodi eligendi.', 0, '2018-03-03 06:18:00', '2018-03-03 06:18:00'),
(171, 25, 'Kallie Crooks', 'Sapiente minima quae eaque qui. Reprehenderit qui velit sit repellendus aut quo ut. Non molestias et hic accusantium architecto. Ea sit est non fugit qui aut ut ducimus.', 1, '2018-03-03 06:18:00', '2018-03-03 06:18:00'),
(172, 18, 'Dr. Tavares Koelpin III', 'Deleniti dolorem quibusdam repellat distinctio. Veritatis quasi est pariatur. Aut illo reiciendis minus provident. Doloribus ipsum repellat tenetur itaque recusandae.', 2, '2018-03-03 06:18:00', '2018-03-03 06:18:00'),
(173, 43, 'Miss Adele Price', 'Et quis quia optio est aut et. Delectus consequatur temporibus provident quasi vitae id.', 0, '2018-03-03 06:18:00', '2018-03-03 06:18:00'),
(174, 12, 'Verna Kirlin', 'Nihil laudantium optio harum aut voluptatibus laborum perspiciatis minus. Qui consequuntur numquam esse dignissimos. Iste odio enim eum delectus blanditiis quae velit. In qui voluptatem natus.', 3, '2018-03-03 06:18:00', '2018-03-03 06:18:00'),
(175, 33, 'Ms. Georgette Hilpert', 'Quo aliquid sit sit nemo ullam. Accusamus animi deserunt non aliquam in recusandae. Ad non et aut corporis.', 1, '2018-03-03 06:18:00', '2018-03-03 06:18:00'),
(176, 32, 'Ova Beer', 'Corporis distinctio adipisci sed eum. Et autem rerum sapiente quas qui tenetur. Et iusto dolore eveniet ut. Eius possimus at et repellendus.', 1, '2018-03-03 06:18:00', '2018-03-03 06:18:00'),
(177, 24, 'Brigitte Grimes', 'Occaecati autem et dolorem aut ea magnam quis quia. Ad qui tempora alias qui natus. Quam ipsum non in excepturi nobis. Maxime eum accusantium sed eligendi qui quibusdam animi.', 2, '2018-03-03 06:18:00', '2018-03-03 06:18:00'),
(178, 35, 'Cristopher Rempel', 'Rerum numquam adipisci autem vero et qui laudantium. Omnis dolorum quo quis.', 5, '2018-03-03 06:18:00', '2018-03-03 06:18:00'),
(179, 2, 'Luciano Homenick', 'Blanditiis quaerat ut ipsum voluptas cumque sit delectus quia. Rerum voluptatem dolores dolorem et non magnam. Ea ut culpa aut hic eligendi deserunt numquam.', 3, '2018-03-03 06:18:00', '2018-03-03 06:18:00'),
(180, 33, 'Dr. Napoleon Wisozk PhD', 'Qui qui autem qui et iusto. Facilis beatae sed deleniti consectetur harum illum. Sit nostrum sit omnis mollitia animi. Dolor deserunt et veniam sed.', 1, '2018-03-03 06:18:00', '2018-03-03 06:18:00'),
(181, 20, 'Dr. Troy Oberbrunner', 'Ratione et veniam cumque rerum qui quaerat rerum. Quia rerum id voluptatum pariatur facilis occaecati quis.', 2, '2018-03-03 06:18:01', '2018-03-03 06:18:01'),
(182, 42, 'Adella Dach', 'Exercitationem quidem unde repellat rerum sequi atque veritatis et. Fugiat perspiciatis expedita repellat.', 1, '2018-03-03 06:18:01', '2018-03-03 06:18:01'),
(183, 6, 'Ms. Ivy Gleason', 'In nihil qui perspiciatis architecto fugit dolores iusto. Qui praesentium quas placeat velit. Vel est labore natus sint et.', 0, '2018-03-03 06:18:01', '2018-03-03 06:18:01'),
(184, 43, 'Craig Von V', 'Doloribus cumque tempora consequatur voluptas deleniti. Similique natus minus quas. Necessitatibus debitis ducimus et quia dolores exercitationem totam assumenda. Tempora esse temporibus et animi.', 5, '2018-03-03 06:18:01', '2018-03-03 06:18:01'),
(185, 35, 'Dr. Corine Graham Sr.', 'Aut aut voluptatem excepturi voluptatem quia delectus. Modi natus quis et quisquam in repellendus odio. Molestiae occaecati ut optio aliquid. Eum est maxime molestiae dolore quod iste.', 4, '2018-03-03 06:18:01', '2018-03-03 06:18:01'),
(186, 7, 'Agustin Effertz', 'Praesentium libero molestiae incidunt tempore. Asperiores nobis temporibus necessitatibus atque in cumque. Sed et architecto ipsam consequuntur ut odio.', 2, '2018-03-03 06:18:01', '2018-03-03 06:18:01'),
(187, 34, 'Prof. Cameron Quigley Sr.', 'Magnam velit voluptate ea omnis dolores velit illum repudiandae. Natus soluta architecto vel assumenda ad. Quo repellendus alias vel. Ut aspernatur illo eaque facilis maiores optio voluptatem.', 3, '2018-03-03 06:18:01', '2018-03-03 06:18:01'),
(188, 43, 'Prof. Vesta Dooley', 'Officia repellat quaerat veritatis omnis corrupti et voluptas. Harum autem vitae dicta est eveniet. Nobis impedit veniam labore laudantium. Deleniti neque numquam in eum consequuntur et. Earum saepe dolores est quasi.', 3, '2018-03-03 06:18:01', '2018-03-03 06:18:01'),
(189, 39, 'Mr. Kyleigh Kub', 'Dolorem quod magni vero dolores voluptatem. Impedit tempore nesciunt voluptatem aliquam minus sed aut. Quod et inventore eos eos. Est ut sunt ex tempore reprehenderit.', 3, '2018-03-03 06:18:01', '2018-03-03 06:18:01'),
(190, 17, 'Prof. Eileen Treutel', 'Quo aut et cum voluptatem. Voluptatem repudiandae corporis modi alias maiores id maxime. Minus repellat quod sapiente sit ut delectus sit nulla.', 4, '2018-03-03 06:18:01', '2018-03-03 06:18:01'),
(191, 1, 'Bernardo Hartmann', 'Similique pariatur quis voluptatem laboriosam ut. Dolores ut perspiciatis officiis officia. Eos rerum aut deleniti animi omnis.', 5, '2018-03-03 06:18:01', '2018-03-03 06:18:01'),
(192, 9, 'Camron Wiza', 'Dolores dicta dicta vero quod. Totam totam harum omnis eligendi non ea. Ea aut non vitae repudiandae vel. Reiciendis molestias nihil eius reprehenderit est.', 3, '2018-03-03 06:18:01', '2018-03-03 06:18:01'),
(193, 38, 'Dustin Hegmann', 'Et at eum culpa mollitia ipsum. Unde facilis minima totam et. Odio optio sit neque. Animi commodi non et eum eos sapiente consequatur.', 2, '2018-03-03 06:18:01', '2018-03-03 06:18:01'),
(194, 50, 'Dr. Cynthia Mann', 'Quia iusto harum modi sed. Excepturi eligendi ipsum explicabo dicta ratione et harum minus. Et sapiente repellendus tenetur neque unde quas.', 3, '2018-03-03 06:18:01', '2018-03-03 06:18:01'),
(195, 35, 'Reed Sipes', 'Sint vel at praesentium. Molestiae eum sint illo recusandae temporibus. Quia sed qui velit consequatur sunt consequatur cupiditate.', 4, '2018-03-03 06:18:01', '2018-03-03 06:18:01'),
(196, 1, 'Jany Collier MD', 'Est quis labore pariatur omnis magni. Aliquid accusantium est aliquam est. Aut aut non atque est. Molestiae et inventore quis minima.', 1, '2018-03-03 06:18:01', '2018-03-03 06:18:01'),
(197, 34, 'Sheila Connelly', 'Molestiae qui dignissimos dolor omnis provident. Eos sapiente explicabo numquam facere ullam. Itaque veritatis et quibusdam magnam. Sed quod aut omnis pariatur ullam.', 4, '2018-03-03 06:18:01', '2018-03-03 06:18:01'),
(198, 1, 'Ms. Bianka Strosin II', 'Consequatur quia pariatur amet dolorem natus maxime cupiditate voluptates. Sunt veritatis ex harum. Ea eaque porro nemo est veniam consequatur aut. Dicta enim voluptatem temporibus modi aut.', 1, '2018-03-03 06:18:02', '2018-03-03 06:18:02'),
(199, 27, 'Mike Tromp', 'Deserunt aspernatur dolorem mollitia quo. Voluptatum nihil qui unde asperiores blanditiis atque. Odit rem aperiam ut nostrum. Ut officia et et quia.', 5, '2018-03-03 06:18:02', '2018-03-03 06:18:02'),
(200, 49, 'Harold Medhurst', 'Totam voluptas ea et numquam et aut. Quo rerum cupiditate sunt reiciendis. Cum suscipit est ipsa sed. Molestias sit et natus mollitia molestiae.', 5, '2018-03-03 06:18:02', '2018-03-03 06:18:02'),
(201, 23, 'Prof. Cynthia Bosco', 'Voluptatem et nisi officiis delectus. Ea maiores consequatur voluptas perferendis.', 2, '2018-03-03 06:18:02', '2018-03-03 06:18:02'),
(202, 24, 'Marty Metz', 'Ad sed rerum veniam similique voluptatem animi. Enim repellat eos cum voluptas est est. Rem aut corrupti aspernatur ut. Perferendis asperiores dolor qui voluptas voluptas dolor enim.', 5, '2018-03-03 06:18:02', '2018-03-03 06:18:02'),
(203, 42, 'Shakira Langosh', 'Fugit et quo vel ab in quas et tempore. Voluptatem eos id officiis nihil recusandae. Quod sint consectetur nam ea debitis.', 1, '2018-03-03 06:18:02', '2018-03-03 06:18:02'),
(204, 3, 'Mrs. Lillian Mueller Sr.', 'Adipisci nihil illum optio in voluptas nobis. Et dolores itaque qui nam unde quaerat. Id aut minus animi rem est harum quae vel. Illo quia assumenda velit excepturi fuga repellat.', 4, '2018-03-03 06:18:02', '2018-03-03 06:18:02'),
(205, 42, 'Prof. Wanda Wisozk', 'Assumenda distinctio dolorem magni quos. Et culpa est omnis delectus est odit odit. Est deleniti excepturi earum eius quasi repudiandae dolorem amet. Architecto quia ea explicabo est dolore deleniti sed qui. Aut et veniam repudiandae aut et minima.', 2, '2018-03-03 06:18:02', '2018-03-03 06:18:02'),
(206, 5, 'Tessie Ebert MD', 'Molestiae sit distinctio quae qui rerum non quia. Fugiat amet nihil harum in placeat. Qui doloribus quis quia adipisci velit odio voluptas voluptas.', 4, '2018-03-03 06:18:02', '2018-03-03 06:18:02'),
(207, 23, 'Javon Paucek', 'Aspernatur vero soluta quia sequi eum. Culpa officiis at sit iure facere provident officiis. Ab mollitia et natus libero repellat non sunt. Placeat quam neque magnam provident rerum sint nostrum. Velit quae qui voluptatum nisi illum.', 3, '2018-03-03 06:18:02', '2018-03-03 06:18:02'),
(208, 12, 'Makenna Schaefer DVM', 'Cumque totam modi possimus ad explicabo consectetur eum repudiandae. Est eum rerum consequuntur fugiat rerum nostrum molestiae. Nostrum non ipsa qui qui. Nisi distinctio at et cupiditate.', 0, '2018-03-03 06:18:02', '2018-03-03 06:18:02');
INSERT INTO `reviews` (`id`, `product_id`, `customer`, `review`, `star`, `created_at`, `updated_at`) VALUES
(209, 37, 'Noble Cartwright', 'Vel accusamus impedit dolorum ut accusantium atque et qui. Error quisquam voluptate eaque vel eius. Quae sapiente quod consequatur animi repudiandae. Quod pariatur consequatur cum et magni.', 5, '2018-03-03 06:18:02', '2018-03-03 06:18:02'),
(210, 19, 'Natalie Gislason', 'Similique quaerat laudantium quia est quasi in. Corporis necessitatibus et voluptas minima enim eum maiores. Consequatur eveniet ut enim praesentium ipsum distinctio enim.', 5, '2018-03-03 06:18:02', '2018-03-03 06:18:02'),
(211, 43, 'Kris Williamson', 'Nihil deleniti ut voluptate quo blanditiis. Nihil labore sint voluptatem non reiciendis. Inventore voluptatum numquam sunt molestiae aut amet consequatur. Accusantium pariatur tenetur qui unde alias molestias necessitatibus.', 2, '2018-03-03 06:18:02', '2018-03-03 06:18:02'),
(212, 15, 'Nicholas O\'Keefe', 'Facilis eius deserunt asperiores magnam iste id quia. Rerum numquam in velit in aperiam est. Consequatur similique maxime perferendis ex voluptates.', 2, '2018-03-03 06:18:02', '2018-03-03 06:18:02'),
(213, 20, 'Prof. Aryanna Greenfelder III', 'Ut asperiores molestiae ut rerum accusamus itaque debitis. Qui aliquid odit omnis. Nesciunt velit ut vitae nam consequuntur qui. Soluta inventore sint esse aut in eveniet accusamus.', 4, '2018-03-03 06:18:02', '2018-03-03 06:18:02'),
(214, 39, 'Jamil Wisozk DDS', 'Eius quia consequatur minima explicabo libero consectetur qui et. Architecto fuga architecto sit. Ad esse ad modi molestias atque beatae voluptatem.', 2, '2018-03-03 06:18:03', '2018-03-03 06:18:03'),
(215, 17, 'Virginia Terry', 'Adipisci porro recusandae adipisci animi a esse aut. Nemo minus veritatis qui similique praesentium. Consequuntur vitae aut ut similique accusantium id modi ut. Et reiciendis inventore ut debitis ab placeat et similique.', 0, '2018-03-03 06:18:03', '2018-03-03 06:18:03'),
(216, 15, 'Hadley Dach', 'Veritatis asperiores atque voluptatem ipsam. Ut nulla et blanditiis dolore ut ut.', 1, '2018-03-03 06:18:03', '2018-03-03 06:18:03'),
(217, 14, 'Gaston Bahringer', 'Aut perspiciatis et sed eveniet commodi optio dicta. Omnis ut debitis corrupti deserunt libero voluptas. Quo sunt fugiat quaerat. A sit recusandae est et.', 5, '2018-03-03 06:18:03', '2018-03-03 06:18:03'),
(218, 26, 'Joesph Hoeger III', 'Autem soluta sint officia voluptates qui minima. Fuga neque aut commodi voluptas velit. Aut totam sed nihil error exercitationem architecto temporibus nam. Quaerat sapiente impedit delectus eligendi.', 5, '2018-03-03 06:18:03', '2018-03-03 06:18:03'),
(219, 26, 'Alysha Schulist', 'Voluptatem inventore consectetur non nam. Repellendus porro facere assumenda omnis aut facilis praesentium. Assumenda neque sequi occaecati perferendis blanditiis cumque cum.', 0, '2018-03-03 06:18:03', '2018-03-03 06:18:03'),
(220, 10, 'Miss Vallie Hermiston MD', 'Numquam totam eos deserunt et ex quos. Est illo veritatis aliquid eos reiciendis et. Libero maxime velit eum.', 2, '2018-03-03 06:18:03', '2018-03-03 06:18:03'),
(221, 27, 'Domingo Gorczany', 'Sit fuga hic rem. Quod praesentium necessitatibus et numquam et. Qui dolor non magni unde id. Quia porro vitae rem tempora eveniet laudantium animi.', 5, '2018-03-03 06:18:03', '2018-03-03 06:18:03'),
(222, 46, 'Timmy Mann IV', 'Tempora qui nulla fugit et maxime veritatis. Ut molestiae eos placeat voluptatem sapiente debitis eos. Repellendus ullam tenetur omnis sapiente itaque. Beatae maiores pariatur possimus officia consectetur aut.', 5, '2018-03-03 06:18:03', '2018-03-03 06:18:03'),
(223, 39, 'Christy Zulauf', 'At ex aut qui est assumenda recusandae. Ut et nobis id optio dicta rerum voluptatum. Consectetur repellat praesentium consequuntur aut officiis deserunt unde. Illo minima et quam et eum.', 2, '2018-03-03 06:18:03', '2018-03-03 06:18:03'),
(224, 9, 'Barbara Donnelly', 'Velit quia ut excepturi aliquam assumenda dolorem. Ex non odio suscipit excepturi dignissimos est nesciunt. Qui voluptates et amet et aperiam. Minima provident omnis aut quasi delectus voluptatum sed.', 0, '2018-03-03 06:18:03', '2018-03-03 06:18:03'),
(225, 14, 'Prof. Carson Bayer PhD', 'Eum tempora nam ut labore. Numquam exercitationem eius nisi et corrupti. Aut nesciunt repudiandae earum omnis itaque iure.', 0, '2018-03-03 06:18:03', '2018-03-03 06:18:03'),
(226, 31, 'Maximillian Sipes', 'Tempora itaque porro adipisci excepturi sit perferendis. Officiis aut tempora rem eligendi et qui. Et soluta sunt consequuntur voluptates. Ea et earum qui quia. Distinctio ratione voluptatem alias sed.', 1, '2018-03-03 06:18:03', '2018-03-03 06:18:03'),
(227, 37, 'Mr. Bobbie Jones IV', 'Non eligendi quia placeat id accusantium ut. Eligendi architecto porro dolore quis fugit corrupti ullam. Doloremque voluptate esse eos occaecati.', 2, '2018-03-03 06:18:03', '2018-03-03 06:18:03'),
(228, 9, 'Rick Shanahan', 'Molestias ut officia odit omnis eum. Reiciendis ducimus debitis qui. Iste ex aperiam corrupti unde repudiandae natus.', 4, '2018-03-03 06:18:04', '2018-03-03 06:18:04'),
(229, 43, 'Haley Cruickshank', 'Accusantium voluptatem illum minima. Et rem in laboriosam aut voluptatem dicta provident. Ullam blanditiis modi molestiae voluptatem enim. Vel minima modi est pariatur voluptatem minima. Consequatur quisquam rerum vel saepe accusantium et magnam iusto.', 2, '2018-03-03 06:18:04', '2018-03-03 06:18:04'),
(230, 13, 'Jennie Klocko', 'Totam mollitia ullam expedita facilis sit. Veniam quia facere error nesciunt. Exercitationem quis libero impedit voluptate repellat similique quos. Aut consequatur deserunt pariatur nobis dolor repudiandae ut.', 0, '2018-03-03 06:18:04', '2018-03-03 06:18:04'),
(231, 32, 'Maximillia Schuster', 'Nobis dolor quo reiciendis sapiente ducimus exercitationem. Quo voluptate mollitia alias omnis fugit. Consequatur explicabo quos officia. Qui tenetur veniam voluptatem ipsa illo.', 1, '2018-03-03 06:18:04', '2018-03-03 06:18:04'),
(232, 34, 'Mr. Dalton Hoeger', 'Reiciendis quos ut laborum dicta culpa dolorum. Et voluptatum non nobis facere eveniet delectus ut. Officiis tenetur voluptas ipsam qui id unde.', 2, '2018-03-03 06:18:04', '2018-03-03 06:18:04'),
(233, 22, 'Dr. Ewald Raynor V', 'Adipisci et ipsum minima consequatur. Aperiam et consectetur facilis similique. Officia qui ipsam ex nihil dolore odio. Nulla fugiat illum ut blanditiis dolor cumque autem.', 0, '2018-03-03 06:18:04', '2018-03-03 06:18:04'),
(234, 33, 'Van Beier', 'Molestias optio dignissimos ratione aliquam veniam. Illo veritatis minima minima cum impedit. Et voluptas eius officia ad aut magnam. Esse consectetur ratione cum doloribus ab.', 4, '2018-03-03 06:18:04', '2018-03-03 06:18:04'),
(235, 34, 'Arianna Deckow PhD', 'Aut et nam dolores possimus voluptas ab praesentium. Consequatur sunt quas aut quia. Deleniti pariatur ut et corrupti et quo.', 1, '2018-03-03 06:18:04', '2018-03-03 06:18:04'),
(236, 43, 'Amely Lehner III', 'Et possimus est ex qui maiores minima. Sint magni ut non illo quis dolorem. Ipsam tempora officia deserunt dolorum rerum temporibus voluptates.', 1, '2018-03-03 06:18:04', '2018-03-03 06:18:04'),
(237, 29, 'Mr. Izaiah Kozey II', 'Atque dolore aut fuga qui eos reiciendis omnis. Accusamus molestiae sed voluptas est ipsam. Autem adipisci id dignissimos qui similique ducimus sunt.', 5, '2018-03-03 06:18:04', '2018-03-03 06:18:04'),
(238, 41, 'Peggie Roberts', 'Quo et modi quis consequatur ullam. Nihil quasi nostrum iste et voluptatibus sed. Esse impedit magni asperiores corrupti dolor eius neque.', 3, '2018-03-03 06:18:04', '2018-03-03 06:18:04'),
(239, 35, 'Prof. Martin Langworth', 'Corporis quia assumenda voluptates fugiat eum. Occaecati omnis quis recusandae ea accusamus culpa. Ipsum iure qui laboriosam eaque error vero.', 2, '2018-03-03 06:18:04', '2018-03-03 06:18:04'),
(240, 40, 'Laura Weimann', 'Error repellat dignissimos similique quo. Id error expedita rem sed non sunt molestiae eum. Nesciunt odio maxime est sed.', 4, '2018-03-03 06:18:04', '2018-03-03 06:18:04'),
(241, 6, 'Casandra Upton IV', 'Deserunt ut vitae maxime voluptas sequi quia. Earum tenetur corporis ea maiores quasi et amet. Tenetur beatae sed voluptas ab non nisi eligendi.', 0, '2018-03-03 06:18:04', '2018-03-03 06:18:04'),
(242, 26, 'Seth Dicki PhD', 'Quod ratione nam consequuntur dolorem voluptas. Alias dolor quos est dolores omnis.', 4, '2018-03-03 06:18:04', '2018-03-03 06:18:04'),
(243, 8, 'Soledad Bernier MD', 'Recusandae quae quia a necessitatibus illo eum eveniet qui. Consequatur debitis dicta animi eos sed aut dolores. Sed explicabo molestias porro consectetur ex.', 2, '2018-03-03 06:18:04', '2018-03-03 06:18:04'),
(244, 18, 'Joesph Renner', 'Vitae fugiat vel numquam quia. Culpa quia magni ea tenetur expedita. Eligendi vel corrupti ipsa rerum ut quis. Dolorem qui amet amet iste.', 2, '2018-03-03 06:18:05', '2018-03-03 06:18:05'),
(245, 17, 'Princess Sipes', 'Architecto impedit vel magnam dolores est sequi perspiciatis ut. Sit laudantium distinctio nisi temporibus. Laborum provident est impedit et voluptatem esse. Optio error repudiandae veniam voluptas.', 0, '2018-03-03 06:18:05', '2018-03-03 06:18:05'),
(246, 36, 'Justen Turcotte MD', 'Consequatur itaque ducimus maxime exercitationem id nihil neque. Omnis dolorum est autem vel. Enim doloremque odio dolore et magnam non.', 5, '2018-03-03 06:18:05', '2018-03-03 06:18:05'),
(247, 38, 'Nikolas Gottlieb', 'Provident libero dolores error culpa. Earum aut quia sequi eveniet. Nam sint repellat dicta eius omnis quasi voluptas.', 3, '2018-03-03 06:18:05', '2018-03-03 06:18:05'),
(248, 40, 'Prof. Lizzie Ernser Jr.', 'Velit omnis sit eum magnam. Ut incidunt eum alias similique recusandae velit repudiandae. Distinctio saepe et est doloribus ullam.', 0, '2018-03-03 06:18:05', '2018-03-03 06:18:05'),
(249, 37, 'Madelyn Bruen', 'Nihil deserunt cum harum exercitationem atque et. Dolores quia est quia. Ullam suscipit deserunt ut omnis voluptatem quod voluptatem.', 3, '2018-03-03 06:18:05', '2018-03-03 06:18:05'),
(250, 45, 'Shaina Sporer', 'Possimus laborum aliquid tempore consequuntur culpa nihil. Eos placeat eaque beatae omnis architecto. Molestiae molestias quidem qui dolorum eos. Quo exercitationem rerum aut molestias vitae sunt voluptatem non. Doloremque aut natus ipsum delectus earum.', 4, '2018-03-03 06:18:05', '2018-03-03 06:18:05'),
(251, 48, 'Green Dickens', 'Qui ut perferendis necessitatibus qui repudiandae. Dolores quod omnis eum ut voluptatem necessitatibus minus. Fugiat rem est qui amet suscipit.', 3, '2018-03-03 06:18:05', '2018-03-03 06:18:05'),
(252, 17, 'Prof. Eloy Rosenbaum', 'Beatae quia est vel veritatis voluptatum rem rerum eaque. Laboriosam ipsa quod magnam. Occaecati facilis porro doloribus placeat sint magnam.', 1, '2018-03-03 06:18:05', '2018-03-03 06:18:05'),
(253, 19, 'Graham Schimmel', 'Ipsum voluptas nihil vero animi. Dolor sequi reiciendis aut debitis dolorum et. Velit voluptas quis at sit id ad.', 1, '2018-03-03 06:18:05', '2018-03-03 06:18:05'),
(254, 41, 'Oma Smith', 'Natus qui molestias enim magnam. Laborum accusamus et illum rem qui.', 5, '2018-03-03 06:18:05', '2018-03-03 06:18:05'),
(255, 31, 'Dr. Abigale Considine', 'In aut quia repellat ut voluptatum ut. Enim voluptatem eaque quasi praesentium saepe tempore. Rerum et delectus ipsa veniam ut ab assumenda. Quasi repellat occaecati vitae atque totam aut modi. Facilis doloremque modi voluptas aut non est occaecati.', 3, '2018-03-03 06:18:05', '2018-03-03 06:18:05'),
(256, 46, 'Mr. Hyman Kautzer III', 'Temporibus nihil quae repudiandae quod animi enim eum. Nihil et quasi nam. Voluptas deleniti architecto cumque nesciunt. Dolor voluptatem et temporibus magni consequuntur. Quo quibusdam veritatis possimus praesentium.', 3, '2018-03-03 06:18:05', '2018-03-03 06:18:05'),
(257, 21, 'Kasandra Parker', 'Ut consequatur corrupti debitis. Aliquid temporibus rerum asperiores dolor. Perspiciatis rerum rerum ipsam dolor exercitationem et. Non quae adipisci ex.', 3, '2018-03-03 06:18:05', '2018-03-03 06:18:05'),
(258, 25, 'Cordia Tremblay', 'Magni eum maxime quod repellendus quam libero enim. Id ipsam quia eum fugiat repellendus earum eveniet. Non dolorum explicabo ipsam rerum. Et cumque in a sit voluptatem dolorem. Quibusdam cumque non aliquid natus.', 0, '2018-03-03 06:18:05', '2018-03-03 06:18:05'),
(259, 48, 'Emerson Roob', 'Aut doloribus veritatis saepe quod temporibus suscipit animi esse. Repellat vel officia consequatur quis saepe vitae. Iure blanditiis eos facere et et nostrum eos.', 1, '2018-03-03 06:18:06', '2018-03-03 06:18:06'),
(260, 1, 'Dr. Newell Collier V', 'Ipsum dolor eius ea at hic voluptatem. A qui perspiciatis modi alias nemo incidunt excepturi asperiores. Placeat tempora expedita quis repellat.', 4, '2018-03-03 06:18:06', '2018-03-03 06:18:06'),
(261, 17, 'Twila Lebsack', 'Sapiente velit quibusdam reiciendis ea. Enim incidunt dicta iure ut sapiente odit doloribus.', 1, '2018-03-03 06:18:06', '2018-03-03 06:18:06'),
(262, 29, 'Miguel Turner', 'Eaque eum ratione magni iste reprehenderit soluta voluptas tempora. Minima ut nemo provident beatae facilis tempora quasi et. Ratione ut nemo ut velit commodi. Quae non quae architecto.', 1, '2018-03-03 06:18:06', '2018-03-03 06:18:06'),
(263, 14, 'Samantha Von IV', 'Id repudiandae odio illo voluptas. Voluptate et facere non unde ipsum. Dolorem enim facilis necessitatibus est vitae quam. Ab et hic fuga doloremque ut cupiditate rerum.', 4, '2018-03-03 06:18:06', '2018-03-03 06:18:06'),
(264, 36, 'Dr. Micah Rice', 'Quidem doloribus tempora magni porro ratione. Aliquid vel molestiae dolore quo earum ipsam ut corporis. Assumenda alias quis reiciendis ipsa sapiente suscipit nisi. Totam sint qui reprehenderit qui eaque. Dolor et fuga minus ipsam rerum eos.', 2, '2018-03-03 06:18:06', '2018-03-03 06:18:06'),
(265, 24, 'Domenick Renner MD', 'Sint ab ea sapiente id aliquam. Libero sit soluta unde consequatur at omnis illo. Rem omnis cumque itaque consequatur. Est odit inventore pariatur incidunt enim. Est quos magnam id possimus aliquid qui.', 0, '2018-03-03 06:18:06', '2018-03-03 06:18:06'),
(266, 18, 'Mustafa Rohan', 'Veniam natus dolor voluptatem quo harum dolore libero. Laboriosam reiciendis enim sunt reiciendis incidunt qui in. Sunt vel et ad fugiat corporis aut.', 4, '2018-03-03 06:18:06', '2018-03-03 06:18:06'),
(267, 14, 'Lukas Okuneva', 'Dolores deleniti modi perferendis ea autem nobis culpa. Veritatis in illum commodi quibusdam ut eos dignissimos. Earum ratione est assumenda consequuntur id quia. Rem inventore eum minus et sit.', 4, '2018-03-03 06:18:06', '2018-03-03 06:18:06'),
(268, 15, 'Hettie Grady', 'Corporis non et porro qui non rerum natus dolorem. Tempora rerum et qui repellendus et possimus. Vitae dolorem numquam voluptatum sed omnis. Quia quos occaecati unde eaque quasi. Ducimus voluptates ipsum labore itaque et enim.', 5, '2018-03-03 06:18:06', '2018-03-03 06:18:06'),
(269, 30, 'Kadin Langosh', 'Voluptatem illum omnis enim. Nulla eveniet nobis et cumque.', 5, '2018-03-03 06:18:06', '2018-03-03 06:18:06'),
(270, 8, 'Ms. Mae Jenkins IV', 'Ut quisquam dolor et voluptatibus non a. Voluptatum quia nihil earum alias ea sapiente assumenda. Sed eum provident aperiam voluptatem. Eveniet id repudiandae molestiae et minus accusantium.', 1, '2018-03-03 06:18:06', '2018-03-03 06:18:06'),
(271, 16, 'Kaleigh Goyette', 'Sed maiores rerum in amet rerum. Laboriosam sapiente beatae dolorum ab earum vel.', 1, '2018-03-03 06:18:06', '2018-03-03 06:18:06'),
(272, 2, 'Arianna Mohr', 'Voluptas porro numquam quia occaecati sint in officiis. Nam consequatur libero officiis id exercitationem et. Voluptate aut odit totam nulla magni.', 2, '2018-03-03 06:18:06', '2018-03-03 06:18:06'),
(273, 29, 'Mrs. Elyssa Brekke DVM', 'Repellat nam fuga vel rerum dignissimos ut voluptas. Rerum maxime vitae odit cupiditate dolores.', 4, '2018-03-03 06:18:06', '2018-03-03 06:18:06'),
(274, 29, 'Mr. Favian Hoppe V', 'Ipsa quia facere voluptas nesciunt optio. Quis laboriosam delectus asperiores eos exercitationem. Rerum sit eveniet quo nesciunt. Alias ut quae vel voluptatem blanditiis aut.', 0, '2018-03-03 06:18:06', '2018-03-03 06:18:06'),
(275, 29, 'Forrest Wilderman', 'Nostrum est sint pariatur in sint. Quia omnis adipisci cupiditate maxime. Illum aut doloribus doloremque nihil modi voluptatibus placeat cum.', 2, '2018-03-03 06:18:06', '2018-03-03 06:18:06'),
(276, 20, 'Thelma Witting', 'Dolores minima sed perspiciatis voluptatibus quis est. Rerum dolorem atque eos. Est odit iste repudiandae impedit aut quia est.', 1, '2018-03-03 06:18:06', '2018-03-03 06:18:06'),
(277, 35, 'Lucio Herman', 'Sit corporis eos error et consequatur dolores et. Eligendi beatae accusamus fugiat et quae quis consectetur itaque. Aspernatur impedit molestias assumenda totam aut. Voluptatum dolore nisi sint exercitationem ab.', 5, '2018-03-03 06:18:07', '2018-03-03 06:18:07'),
(278, 14, 'Prof. Immanuel Balistreri', 'Consequatur exercitationem neque dolore est praesentium commodi. Delectus voluptatibus enim sint veritatis aperiam. Voluptatem sunt doloremque fugiat vitae nostrum at culpa.', 0, '2018-03-03 06:18:07', '2018-03-03 06:18:07'),
(279, 13, 'Dr. Jeremie Gleason', 'Fugit ratione in adipisci est provident eos distinctio. Architecto aliquid tempore sequi error. Reprehenderit ratione accusantium blanditiis rerum. Et beatae quo velit est sapiente excepturi et et.', 3, '2018-03-03 06:18:07', '2018-03-03 06:18:07'),
(280, 35, 'Zack Smith', 'Voluptatem quo dolor nihil sunt. Porro est doloremque est ut. Molestiae architecto illo et voluptatem aut enim amet. Placeat consequatur aliquid ut consequatur sit in aut. Voluptate mollitia enim quam cum ut in magnam.', 2, '2018-03-03 06:18:07', '2018-03-03 06:18:07'),
(281, 7, 'Alexa Gulgowski', 'Tempora numquam ut illo dolorum natus. Veniam vel voluptatibus magnam dolorem rem quia. Est ab rem autem officia maiores ea harum voluptatem. Consequuntur est fugit voluptas illo et sequi. Alias vel tenetur aspernatur debitis asperiores provident.', 3, '2018-03-03 06:18:07', '2018-03-03 06:18:07'),
(282, 44, 'Dr. Gilbert Nikolaus I', 'Perferendis libero eum nihil velit. Et ex voluptatum quo molestiae sed quo eos eum. Fugit ipsam ut qui voluptatem suscipit.', 4, '2018-03-03 06:18:07', '2018-03-03 06:18:07'),
(283, 13, 'Katlyn Daugherty', 'Est distinctio amet repellendus pariatur modi vero facilis. At quia culpa sit aut mollitia molestias quia. Qui laudantium modi quia porro et dolorem eveniet.', 3, '2018-03-03 06:18:07', '2018-03-03 06:18:07'),
(284, 49, 'Gregoria Ward DVM', 'Repellendus odit dolor doloribus id commodi aut aut. At sed non est consequatur ducimus ipsam. Laudantium quam rerum consequatur sit tempora ut voluptatibus deserunt. Adipisci modi voluptatem hic occaecati repellendus.', 5, '2018-03-03 06:18:07', '2018-03-03 06:18:07'),
(285, 11, 'Emerson Casper', 'Eum magnam soluta mollitia error provident. Quia sed velit facilis. Sit beatae quia corrupti quis. Voluptates corrupti suscipit ex neque.', 5, '2018-03-03 06:18:07', '2018-03-03 06:18:07'),
(286, 35, 'Mr. Abdullah Sipes Sr.', 'Eum porro pariatur sint quisquam minima. Et sapiente numquam laboriosam. Occaecati numquam aut sit qui dolorem expedita.', 2, '2018-03-03 06:18:07', '2018-03-03 06:18:07'),
(287, 7, 'Billy Ledner', 'Rerum repellat molestiae magnam doloribus velit quae. Odio asperiores libero vel sit. Et dolores magni vel. Fuga ut eveniet natus harum rerum.', 0, '2018-03-03 06:18:07', '2018-03-03 06:18:07'),
(288, 4, 'Prof. Mortimer Sporer', 'Quo ullam accusamus vel eos blanditiis. Expedita ducimus assumenda ut occaecati beatae ut. Iusto sunt aperiam aut aperiam ut.', 0, '2018-03-03 06:18:07', '2018-03-03 06:18:07'),
(289, 19, 'Ricardo Kling', 'Officiis qui doloremque quia rerum rerum quasi. Suscipit eaque repudiandae doloremque est est omnis ut.', 5, '2018-03-03 06:18:07', '2018-03-03 06:18:07'),
(290, 1, 'Dr. Jose Smitham', 'Totam ullam et suscipit quis. Fugiat non aliquid atque id sapiente nihil corporis. Ad odio totam fugiat ut quod molestiae. Ut voluptatem dolore fugit ad.', 5, '2018-03-03 06:18:07', '2018-03-03 06:18:07'),
(291, 20, 'Nayeli Jerde', 'Dolore provident magnam sed. Cum sed totam quos voluptate. Asperiores natus et molestiae pariatur.', 3, '2018-03-03 06:18:07', '2018-03-03 06:18:07'),
(292, 35, 'Cristobal Dickinson', 'Nobis sint aut delectus voluptas. Veritatis quia provident qui placeat. Iusto ipsa iure mollitia est adipisci in.', 0, '2018-03-03 06:18:07', '2018-03-03 06:18:07'),
(293, 19, 'Leo Gislason', 'Accusamus in aut facere recusandae ea corrupti. Asperiores autem consequatur ab ut. Consectetur repudiandae odio aut vero sed voluptatem. Quos quis et veritatis tempore quasi aut nihil.', 5, '2018-03-03 06:18:08', '2018-03-03 06:18:08'),
(294, 33, 'Tiffany Cole', 'Placeat nemo veritatis eum fugit excepturi itaque magni. Ex ut et non architecto qui. Reprehenderit rerum nobis molestias id amet sequi. Id fuga numquam veritatis voluptatibus id.', 3, '2018-03-03 06:18:08', '2018-03-03 06:18:08'),
(295, 8, 'Ms. Katelyn Kerluke Sr.', 'Quis nihil rerum ex voluptatum et. Omnis praesentium dicta repellat voluptas amet et. Porro est voluptatem vel necessitatibus. Inventore rem omnis laudantium ea.', 1, '2018-03-03 06:18:08', '2018-03-03 06:18:08'),
(296, 22, 'Prof. Brooks Emard DVM', 'Deleniti a quia voluptatibus repellendus. Qui quis vel temporibus dignissimos eos doloribus eum sequi.', 4, '2018-03-03 06:18:08', '2018-03-03 06:18:08'),
(297, 20, 'Douglas Gleichner', 'Ducimus suscipit itaque et asperiores voluptatem id ut. Dicta dolorum quis nihil inventore nulla numquam. Qui modi ipsum eum nobis aut porro. Alias placeat tempore placeat enim placeat. Nisi aperiam impedit quia aut.', 0, '2018-03-03 06:18:08', '2018-03-03 06:18:08'),
(298, 26, 'Mr. Edd Borer', 'Unde iste est et ea corrupti sed delectus modi. Doloribus nam quibusdam unde et recusandae. Unde necessitatibus quasi optio.', 3, '2018-03-03 06:18:08', '2018-03-03 06:18:08'),
(299, 35, 'Taylor Batz Sr.', 'Ipsa molestias laboriosam voluptate magnam porro voluptate. Ipsam debitis quidem quis dolor velit. Dolor ratione quasi tempore est praesentium ullam officiis. Quae beatae maiores ut eligendi aperiam.', 4, '2018-03-03 06:18:08', '2018-03-03 06:18:08'),
(300, 35, 'Viva Wiza', 'Laborum in accusamus commodi cum. Et autem error architecto eos ut neque quasi ipsa. Et quas accusantium cumque eum. Incidunt voluptate qui reiciendis distinctio perspiciatis.', 4, '2018-03-03 06:18:08', '2018-03-03 06:18:08');

-- --------------------------------------------------------

--
-- Table structure for table `users`
--

CREATE TABLE `users` (
  `id` int(10) UNSIGNED NOT NULL,
  `name` varchar(191) COLLATE utf8mb4_unicode_ci NOT NULL,
  `email` varchar(191) COLLATE utf8mb4_unicode_ci NOT NULL,
  `password` varchar(191) COLLATE utf8mb4_unicode_ci NOT NULL,
  `remember_token` varchar(100) COLLATE utf8mb4_unicode_ci DEFAULT NULL,
  `created_at` timestamp NULL DEFAULT NULL,
  `updated_at` timestamp NULL DEFAULT NULL
) ENGINE=InnoDB DEFAULT CHARSET=utf8mb4 COLLATE=utf8mb4_unicode_ci;

--
-- Indexes for dumped tables
--

--
-- Indexes for table `migrations`
--
ALTER TABLE `migrations`
  ADD PRIMARY KEY (`id`);

--
-- Indexes for table `password_resets`
--
ALTER TABLE `password_resets`
  ADD KEY `password_resets_email_index` (`email`);

--
-- Indexes for table `products`
--
ALTER TABLE `products`
  ADD PRIMARY KEY (`id`);

--
-- Indexes for table `reviews`
--
ALTER TABLE `reviews`
  ADD PRIMARY KEY (`id`),
  ADD KEY `reviews_product_id_index` (`product_id`);

--
-- Indexes for table `users`
--
ALTER TABLE `users`
  ADD PRIMARY KEY (`id`),
  ADD UNIQUE KEY `users_email_unique` (`email`);

--
-- AUTO_INCREMENT for dumped tables
--

--
-- AUTO_INCREMENT for table `migrations`
--
ALTER TABLE `migrations`
  MODIFY `id` int(10) UNSIGNED NOT NULL AUTO_INCREMENT, AUTO_INCREMENT=5;

--
-- AUTO_INCREMENT for table `products`
--
ALTER TABLE `products`
  MODIFY `id` int(10) UNSIGNED NOT NULL AUTO_INCREMENT, AUTO_INCREMENT=51;

--
-- AUTO_INCREMENT for table `reviews`
--
ALTER TABLE `reviews`
  MODIFY `id` int(10) UNSIGNED NOT NULL AUTO_INCREMENT, AUTO_INCREMENT=301;

--
-- AUTO_INCREMENT for table `users`
--
ALTER TABLE `users`
  MODIFY `id` int(10) UNSIGNED NOT NULL AUTO_INCREMENT;

--
-- Constraints for dumped tables
--

--
-- Constraints for table `reviews`
--
ALTER TABLE `reviews`
  ADD CONSTRAINT `reviews_product_id_foreign` FOREIGN KEY (`product_id`) REFERENCES `products` (`id`) ON DELETE CASCADE;
COMMIT;

/*!40101 SET CHARACTER_SET_CLIENT=@OLD_CHARACTER_SET_CLIENT */;
/*!40101 SET CHARACTER_SET_RESULTS=@OLD_CHARACTER_SET_RESULTS */;
/*!40101 SET COLLATION_CONNECTION=@OLD_COLLATION_CONNECTION */;
